Subject ,Weight ,Stress ,Diet ,Gender ,Smoke 
1,58.6,28.5,A,Male ,Yes 
2,55.5,27,A,Male ,No
3,54.6,24,A,Male ,Yes 
4,60,25.5,A,Male ,No
5,54,29,A,Male ,Yes 
6,57,23,A,Male ,No
7,58,25,A,Male ,Yes 
8,53.5,26,A,Male ,No
9,58,24.7,A,Female,Yes 
10,59,24,A,Female,No
11,62,25.8,A,Female,Yes 
12,61.8,26.7,A,Female,No
13,63,30,A,Female,Yes 
14,63.77,26.5,A,Female,No
15,62,27,A,Female,Yes 
16,65,24.3,A,Female,No
17,55,25.9,B,Male ,Yes 
18,56.9,24.7,B,Male ,No
19,59.8,27.9,B,Male ,Yes 
20,53,29.6,B,Male ,No
21,55,28.2,B,Male ,Yes 
22,59.8,28.5,B,Male ,No
23,53.5,26.4,B,Male ,Yes 
24,52,26.7,B,Male ,No
25,62,25.4,B,Female,No
26,48,25.6,B,Female,Yes 
27,50,24.3,B,Female,No
28,64,24.5,B,Female,Yes 
29,63.5,24.6,B,Female,Yes 
30,65,24.1,B,Female,No
31,49,23.8,B,Female,Yes 
32,64,28.9,B,Female,No
33,55,30,C,Male ,Yes 
34,59.8,27.4,C,Male ,No
35,57,27.3,C,Male ,Yes 
36,55.5,22,C,Male ,No
37,57.6,23,C,Male ,Yes 
38,58,25.6,C,Male ,No
39,55.7,25.3,C,Male ,Yes 
40,56,29.8,C,Male ,No
41,50,28.1,C,Female,Yes 
42,48,27.5,C,Female,No
43,65,30,C,Female,Yes 
44,54,26.7,C,Female,No
45,52,26.3,C,Female,Yes 
46,51,24,C,Female,No
47,64,5,C,Female,Yes 
48,63,23.9,C,Female,No
