Child ID,Childweight_kg1d,Childheight_cm1d,Hemoglobin,Anemia level
CH0001,112,931,99,Moderate
CH0002,117,861,102,Mild
CH0003,79,692,97,Moderate
CH0004,130,954,128,Not anemic
CH0005,114,831,121,Not anemic
CH0006,141,1008,108,Mild
CH0007,95,877,107,Mild
CH0008,103,838,111,Not anemic
CH0009,72,696,76,Moderate
CH0010,175,1081,112,Not anemic
CH0011,168,955,113,Not anemic
CH0012,117,827,118,Not anemic
CH0013,106,819,105,Mild
CH0014,145,1021,102,Mild
CH0015,106,909,113,Not anemic
CH0016,72,703,83,Moderate
CH0017,103,847,94,Moderate
CH0018,88,781,95,Moderate
CH0019,109,861,109,Mild
CH0020,106,845,97,Moderate
CH0021,104,801,104,Mild
CH0022,144,1015,91,Moderate
CH0023,110,861,118,Not anemic
CH0024,104,841,102,Mild
CH0025,86,802,114,Not anemic
CH0026,74,725,85,Moderate
CH0027,157,1031,121,Not anemic
CH0028,122,892,124,Not anemic
CH0029,140,989,112,Not anemic
CH0030,90,752,97,Moderate
CH0031,116,859,131,Not anemic
CH0032,100,816,103,Mild
CH0033,107,866,117,Not anemic
CH0034,113,891,117,Not anemic
CH0035,121,874,111,Not anemic
CH0036,111,845,105,Mild
CH0037,101,879,117,Not anemic
CH0038,102,868,108,Mild
CH0039,58,641,94,Moderate
CH0040,72,666,125,Not anemic
CH0041,137,1049,121,Not anemic
CH0042,127,932,105,Mild
CH0043,157,1050,96,Moderate
CH0044,119,1035,132,Not anemic
CH0045,152,1032,104,Mild
CH0046,84,535,77,Moderate
CH0047,68,706,103,Mild
CH0048,115,942,99,Moderate
CH0049,129,995,115,Not anemic
CH0050,119,707,98,Moderate
CH0051,165,1041,127,Not anemic
CH0052,138,976,119,Not anemic
CH0053,112,1071,103,Mild
CH0054,114,805,82,Moderate
CH0055,130,908,104,Mild
CH0056,111,904,115,Not anemic
CH0057,90,715,113,Not anemic
CH0058,101,873,117,Not anemic
CH0059,130,916,112,Not anemic
CH0060,95,788,91,Moderate
CH0061,106,837,114,Not anemic
CH0062,78,693,120,Not anemic
CH0063,91,767,101,Mild
CH0064,123,931,98,Moderate
CH0065,66,669,86,Moderate
CH0066,64,696,108,Mild
CH0067,141,1016,110,Not anemic
CH0068,133,978,112,Not anemic
CH0069,77,662,113,Not anemic
CH0070,134,976,103,Mild
CH0071,109,830,88,Moderate
CH0072,107,926,105,Mild
CH0073,64,676,103,Mild
CH0074,114,765,117,Not anemic
CH0075,209,1042,135,Not anemic
CH0076,160,1014,115,Not anemic
CH0077,138,1005,116,Not anemic
CH0078,137,992,128,Not anemic
CH0079,117,851,94,Moderate
CH0080,68,681,97,Moderate
CH0081,99,801,89,Moderate
CH0082,87,742,64,Severe
CH0083,105,863,100,Mild
CH0084,74,747,94,Moderate
CH0085,80,777,98,Moderate
CH0086,145,918,116,Not anemic
CH0087,181,1056,106,Mild
CH0088,142,1030,116,Not anemic
CH0089,93,803,110,Not anemic
CH0090,146,1064,113,Not anemic
CH0091,68,620,96,Moderate
CH0092,100,899,104,Mild
CH0093,111,861,101,Mild
CH0094,88,733,110,Not anemic
CH0095,107,894,100,Mild
CH0096,77,535,94,Moderate
CH0097,84,728,100,Mild
CH0098,127,888,93,Moderate
CH0099,107,865,91,Moderate
CH0100,83,742,90,Moderate
CH0101,126,937,102,Mild
CH0102,134,956,83,Moderate
CH0103,64,645,108,Mild
CH0104,118,893,113,Not anemic
CH0105,93,770,107,Mild
CH0106,74,764,80,Moderate
CH0107,104,856,100,Mild
CH0108,92,818,116,Not anemic
CH0109,86,722,83,Moderate
CH0110,120,869,127,Not anemic
CH0111,133,618,94,Moderate
CH0112,105,845,92,Moderate
CH0113,104,841,123,Not anemic
CH0114,152,969,119,Not anemic
CH0115,76,786,98,Moderate
CH0116,120,871,95,Moderate
CH0117,94,715,121,Not anemic
CH0118,111,892,111,Not anemic
CH0119,113,831,119,Not anemic
CH0120,168,897,114,Not anemic
CH0121,90,784,105,Mild
CH0122,77,645,120,Not anemic
CH0123,113,894,122,Not anemic
CH0124,61,655,91,Moderate
CH0125,126,943,95,Moderate
CH0126,86,723,109,Mild
CH0127,110,872,117,Not anemic
CH0128,118,886,112,Not anemic
CH0129,86,761,98,Moderate
CH0130,118,918,109,Mild
CH0131,95,814,113,Not anemic
CH0132,71,772,92,Moderate
CH0133,128,918,108,Mild
CH0134,108,892,113,Not anemic
CH0135,120,853,123,Not anemic
CH0136,129,923,114,Not anemic
CH0137,113,882,110,Not anemic
CH0138,138,951,105,Mild
CH0139,95,739,106,Mild
CH0140,162,1018,80,Moderate
CH0141,107,821,110,Not anemic
CH0142,64,691,107,Mild
CH0143,112,914,99,Moderate
CH0144,91,807,114,Not anemic
CH0145,102,914,108,Mild
CH0146,95,819,104,Mild
CH0147,135,999,107,Mild
CH0148,128,981,112,Not anemic
CH0149,86,723,111,Not anemic
CH0150,78,733,100,Mild
CH0151,93,751,109,Mild
CH0152,126,998,123,Not anemic
CH0153,139,973,108,Mild
CH0154,113,834,106,Mild
CH0155,123,987,121,Not anemic
CH0156,91,793,102,Mild
CH0157,102,852,86,Moderate
CH0158,157,1035,117,Not anemic
CH0159,113,887,119,Not anemic
CH0160,140,831,111,Not anemic
CH0161,86,717,101,Mild
CH0162,150,1018,117,Not anemic
CH0163,91,748,95,Moderate
CH0164,117,849,101,Mild
CH0165,84,750,69,Severe
CH0166,144,967,109,Mild
CH0167,58,645,101,Mild
CH0168,125,785,122,Not anemic
CH0169,76,728,93,Moderate
CH0170,120,944,127,Not anemic
CH0171,95,842,111,Not anemic
CH0172,135,972,114,Not anemic
CH0173,88,801,114,Not anemic
CH0174,152,588,105,Mild
CH0175,130,971,103,Mild
CH0176,108,754,104,Mild
CH0177,91,770,95,Moderate
CH0178,81,712,108,Mild
CH0179,72,642,92,Moderate
CH0180,106,833,105,Mild
CH0181,97,836,89,Moderate
CH0182,104,852,116,Not anemic
CH0183,123,956,123,Not anemic
CH0184,84,795,87,Moderate
CH0185,116,954,118,Not anemic
CH0186,129,987,123,Not anemic
CH0187,109,829,119,Not anemic
CH0188,81,705,105,Mild
CH0189,91,793,121,Not anemic
CH0190,111,882,101,Mild
CH0191,162,948,120,Not anemic
CH0192,87,793,98,Moderate
CH0193,77,739,98,Moderate
CH0194,130,986,90,Moderate
CH0195,101,861,113,Not anemic
CH0196,140,970,116,Not anemic
CH0197,128,890,120,Not anemic
CH0198,122,995,127,Not anemic
CH0199,85,732,105,Mild
CH0200,97,880,121,Not anemic
CH0201,68,662,90,Moderate
CH0202,101,809,102,Mild
CH0203,128,909,115,Not anemic
CH0204,125,1018,107,Mild
CH0205,94,698,108,Mild
CH0206,109,869,112,Not anemic
CH0207,96,820,105,Mild
CH0208,73,713,98,Moderate
CH0209,100,888,100,Mild
CH0210,90,754,99,Moderate
CH0211,183,1058,120,Not anemic
CH0212,156,1040,113,Not anemic
CH0213,128,943,92,Moderate
CH0214,74,714,89,Moderate
CH0215,96,872,106,Mild
CH0216,88,774,112,Not anemic
CH0217,101,825,99,Moderate
CH0218,116,947,98,Moderate
CH0219,121,985,94,Moderate
CH0220,108,927,95,Moderate
CH0221,95,897,104,Mild
CH0222,132,910,106,Mild
CH0223,132,890,122,Not anemic
CH0224,164,1050,133,Not anemic
CH0225,126,914,109,Mild
CH0226,130,977,84,Moderate
CH0227,109,920,77,Moderate
CH0228,90,816,121,Not anemic
CH0229,101,846,120,Not anemic
CH0230,148,1000,108,Mild
CH0231,80,726,102,Mild
CH0232,130,939,113,Not anemic
CH0233,105,841,128,Not anemic
CH0234,82,738,87,Moderate
CH0235,115,903,100,Mild
CH0236,107,897,117,Not anemic
CH0237,134,946,104,Mild
CH0238,127,994,123,Not anemic
CH0239,75,773,101,Mild
CH0240,88,842,113,Not anemic
CH0241,134,967,120,Not anemic
CH0242,123,938,112,Not anemic
CH0243,69,668,114,Not anemic
CH0244,81,682,117,Not anemic
CH0245,123,943,107,Mild
CH0246,114,917,120,Not anemic
CH0247,134,986,103,Mild
CH0248,99,809,83,Moderate
CH0249,126,947,110,Not anemic
CH0250,90,806,100,Mild
CH0251,150,1053,102,Mild
CH0252,86,771,98,Moderate
CH0253,141,1023,112,Not anemic
CH0254,106,877,107,Mild
CH0255,152,998,111,Not anemic
CH0256,97,764,112,Not anemic
CH0257,150,1062,115,Not anemic
CH0258,116,926,100,Mild
CH0259,130,959,98,Moderate
CH0260,141,1014,118,Not anemic
CH0261,111,824,101,Mild
CH0262,61,623,62,Severe
CH0263,105,869,113,Not anemic
CH0264,69,654,84,Moderate
CH0265,79,749,107,Mild
CH0266,65,632,100,Mild
CH0267,103,895,112,Not anemic
CH0268,141,1042,106,Mild
CH0269,71,669,100,Mild
CH0270,89,779,97,Moderate
CH0271,141,994,110,Not anemic
CH0272,97,750,103,Mild
CH0273,81,804,105,Mild
CH0274,80,727,89,Moderate
CH0275,62,630,103,Mild
CH0276,94,801,106,Mild
CH0277,101,865,106,Mild
CH0278,148,1009,106,Mild
CH0279,113,833,126,Not anemic
CH0280,82,770,130,Not anemic
CH0281,57,663,112,Not anemic
CH0282,152,870,110,Not anemic
CH0283,118,938,115,Not anemic
CH0284,142,986,118,Not anemic
CH0285,114,883,121,Not anemic
CH0286,121,920,111,Not anemic
CH0287,104,816,131,Not anemic
CH0288,96,702,98,Moderate
CH0289,119,881,112,Not anemic
CH0290,132,947,99,Moderate
CH0291,130,936,106,Mild
CH0292,68,662,108,Mild
CH0293,139,1000,100,Mild
CH0294,98,1070,97,Moderate
CH0295,134,953,98,Moderate
CH0296,118,943,102,Mild
CH0297,158,1055,112,Not anemic
CH0298,92,750,114,Not anemic
CH0299,89,709,110,Not anemic
CH0300,119,885,100,Mild
CH0301,91,750,88,Moderate
CH0302,132,912,116,Not anemic
CH0303,66,665,89,Moderate
CH0304,80,768,109,Mild
CH0305,118,912,97,Moderate
CH0306,76,687,110,Not anemic
CH0307,118,869,104,Mild
CH0308,112,792,112,Not anemic
CH0309,85,795,100,Mild
CH0310,186,1182,113,Not anemic
CH0311,121,909,121,Not anemic
CH0312,125,960,117,Not anemic
CH0313,98,795,92,Moderate
CH0314,135,980,107,Mild
CH0315,118,892,131,Not anemic
CH0316,137,1180,112,Not anemic
CH0317,121,947,112,Not anemic
CH0318,104,810,101,Mild
CH0319,75,685,92,Moderate
CH0320,98,957,95,Moderate
CH0321,100,810,102,Mild
CH0322,175,,91,Moderate
CH0323,109,862,108,Mild
CH0324,69,672,112,Not anemic
CH0325,72,671,109,Mild
CH0326,127,943,123,Not anemic
CH0327,102,846,89,Moderate
CH0328,114,920,102,Mild
CH0329,97,732,85,Moderate
CH0330,107,856,106,Mild
CH0331,70,676,104,Mild
CH0332,129,984,110,Not anemic
CH0333,123,1004,116,Not anemic
CH0334,68,691,101,Mild
CH0335,123,999,127,Not anemic
CH0336,57,637,103,Mild
CH0337,78,732,89,Moderate
CH0338,120,920,114,Not anemic
CH0339,97,784,98,Moderate
CH0340,122,930,113,Not anemic
CH0341,139,991,115,Not anemic
CH0342,122,880,122,Not anemic
CH0343,79,644,116,Not anemic
CH0344,105,829,112,Not anemic
CH0345,82,767,104,Mild
CH0346,150,1030,114,Not anemic
CH0347,103,842,117,Not anemic
CH0348,141,952,121,Not anemic
CH0349,132,987,107,Mild
CH0350,74,689,111,Not anemic
CH0351,180,1082,133,Not anemic
CH0352,145,980,124,Not anemic
CH0353,119,816,109,Mild
CH0354,161,983,110,Not anemic
CH0355,91,704,91,Moderate
CH0356,99,814,112,Not anemic
CH0357,75,716,99,Moderate
CH0358,97,746,103,Mild
CH0359,117,846,116,Not anemic
CH0360,69,667,87,Moderate
CH0361,113,843,108,Mild
CH0362,126,1071,103,Mild
CH0363,71,714,78,Moderate
CH0364,127,923,124,Not anemic
CH0365,117,812,101,Mild
CH0366,115,902,98,Moderate
CH0367,139,1002,101,Mild
CH0368,88,721,99,Moderate
CH0369,99,834,110,Not anemic
CH0370,83,598,117,Not anemic
CH0371,153,995,123,Not anemic
CH0372,158,992,121,Not anemic
CH0373,169,1105,144,Not anemic
CH0374,115,892,111,Not anemic
CH0375,93,762,91,Moderate
CH0376,68,650,115,Not anemic
CH0377,118,967,121,Not anemic
CH0378,128,973,112,Not anemic
CH0379,97,791,99,Moderate
CH0380,97,814,108,Mild
CH0381,128,997,108,Mild
CH0382,79,698,98,Moderate
CH0383,130,911,99,Moderate
CH0384,92,774,97,Moderate
CH0385,96,800,68,Severe
CH0386,106,806,96,Moderate
CH0387,91,743,82,Moderate
CH0388,116,978,100,Mild
CH0389,124,956,113,Not anemic
CH0390,122,982,127,Not anemic
CH0391,123,682,104,Mild
CH0392,56,622,82,Moderate
CH0393,71,703,94,Moderate
CH0394,43,623,88,Moderate
CH0395,123,895,121,Not anemic
CH0396,65,758,118,Not anemic
CH0397,91,802,89,Moderate
CH0398,179,1051,106,Mild
CH0399,102,861,117,Not anemic
CH0400,131,918,102,Mild
CH0401,85,746,95,Moderate
CH0402,86,735,103,Mild
CH0403,97,767,100,Mild
CH0404,125,965,122,Not anemic
CH0405,89,772,102,Mild
CH0406,139,942,95,Moderate
CH0407,102,829,121,Not anemic
CH0408,119,914,111,Not anemic
CH0409,122,875,102,Mild
CH0410,95,775,98,Moderate
CH0411,81,719,102,Mild
CH0412,126,871,105,Mild
CH0413,71,726,84,Moderate
CH0414,132,892,91,Moderate
CH0415,142,997,114,Not anemic
CH0416,80,706,95,Moderate
CH0417,109,951,91,Moderate
CH0418,139,966,139,Not anemic
CH0419,96,808,90,Moderate
CH0420,137,987,106,Mild
CH0421,133,965,118,Not anemic
CH0422,141,982,111,Not anemic
CH0423,120,953,126,Not anemic
CH0424,125,931,92,Moderate
CH0425,80,781,112,Not anemic
CH0426,76,702,91,Moderate
CH0427,131,951,99,Moderate
CH0428,106,875,127,Not anemic
CH0429,106,913,92,Moderate
CH0430,78,713,114,Not anemic
CH0431,130,915,109,Mild
CH0432,86,758,111,Not anemic
CH0433,91,844,114,Not anemic
CH0434,131,959,112,Not anemic
CH0435,71,676,114,Not anemic
CH0436,80,1052,109,Mild
CH0437,99,959,112,Not anemic
CH0438,85,802,105,Mild
CH0439,108,834,110,Not anemic
CH0440,76,682,107,Mild
CH0441,102,887,111,Not anemic
CH0442,121,856,106,Mild
CH0443,123,955,118,Not anemic
CH0444,70,677,100,Mild
CH0445,112,872,115,Not anemic
CH0446,181,1097,124,Not anemic
CH0447,71,658,103,Mild
CH0448,114,897,98,Moderate
CH0449,87,722,94,Moderate
CH0450,75,692,95,Moderate
CH0451,108,869,118,Not anemic
CH0452,94,789,115,Not anemic
CH0453,131,936,105,Mild
CH0454,98,842,102,Mild
CH0455,95,802,117,Not anemic
CH0456,85,788,108,Mild
CH0457,80,771,144,Not anemic
CH0458,127,997,131,Not anemic
CH0459,151,971,108,Mild
CH0460,96,831,109,Mild
CH0461,91,773,91,Moderate
CH0462,107,896,136,Not anemic
CH0463,118,917,134,Not anemic
CH0464,148,1088,125,Not anemic
CH0465,75,652,99,Moderate
CH0466,102,730,88,Moderate
CH0467,81,726,98,Moderate
CH0468,119,892,123,Not anemic
CH0469,69,656,117,Not anemic
CH0470,162,1078,118,Not anemic
CH0471,143,1054,130,Not anemic
CH0472,87,661,110,Not anemic
CH0473,99,844,119,Not anemic
CH0474,81,682,91,Moderate
CH0475,127,953,111,Not anemic
CH0476,82,711,114,Not anemic
CH0477,98,825,115,Not anemic
CH0478,92,729,98,Moderate
CH0479,142,1041,112,Not anemic
CH0480,141,1045,119,Not anemic
CH0481,94,823,120,Not anemic
CH0482,129,957,101,Mild
CH0483,130,910,70,Moderate
CH0484,105,879,104,Mild
CH0485,98,825,115,Not anemic
CH0486,157,1033,125,Not anemic
CH0487,110,750,111,Not anemic
CH0488,119,845,112,Not anemic
CH0489,122,954,113,Not anemic
CH0490,86,721,102,Mild
CH0491,134,969,118,Not anemic
CH0492,121,897,108,Mild
CH0493,74,706,89,Moderate
CH0494,125,978,119,Not anemic
CH0495,158,1001,106,Mild
CH0496,105,906,107,Mild
CH0497,70,689,101,Mild
CH0498,115,,112,Not anemic
CH0499,62,671,121,Not anemic
CH0500,92,895,112,Not anemic
CH0501,98,848,96,Moderate
CH0502,101,854,129,Not anemic
CH0503,113,831,104,Mild
CH0504,140,1008,119,Not anemic
CH0505,133,932,105,Mild
CH0506,111,905,101,Mild
CH0507,78,691,122,Not anemic
CH0508,173,1037,120,Not anemic
CH0509,68,678,105,Mild
CH0510,128,955,128,Not anemic
CH0511,151,963,108,Mild
CH0512,76,694,75,Moderate
CH0513,103,837,96,Moderate
CH0514,115,868,108,Mild
CH0515,83,665,105,Mild
CH0516,84,698,100,Mild
CH0517,68,675,121,Not anemic
CH0518,121,932,123,Not anemic
CH0519,71,643,103,Mild
CH0520,64,653,95,Moderate
CH0521,86,733,90,Moderate
CH0522,127,894,115,Not anemic
CH0523,120,830,108,Mild
CH0524,110,845,101,Mild
CH0525,62,651,98,Moderate
CH0526,109,893,109,Mild
CH0527,80,702,112,Not anemic
CH0528,94,883,110,Not anemic
CH0529,91,729,112,Not anemic
CH0530,78,776,107,Mild
CH0531,125,974,124,Not anemic
CH0532,140,1027,105,Mild
CH0533,120,967,114,Not anemic
CH0534,139,927,105,Mild
CH0535,143,995,112,Not anemic
CH0536,59,670,89,Moderate
CH0537,93,766,101,Mild
CH0538,147,862,97,Moderate
CH0539,91,576,93,Moderate
CH0540,103,867,108,Mild
CH0541,130,1009,107,Mild
CH0542,97,722,108,Mild
CH0543,116,885,107,Mild
CH0544,66,628,110,Not anemic
CH0545,152,972,115,Not anemic
CH0546,66,680,89,Moderate
CH0547,67,665,93,Moderate
CH0548,138,978,118,Not anemic
CH0549,96,810,87,Moderate
CH0550,82,705,74,Moderate
CH0551,125,932,119,Not anemic
CH0552,142,862,123,Not anemic
CH0553,83,761,96,Moderate
CH0554,105,847,110,Not anemic
CH0555,91,795,99,Moderate
CH0556,113,931,96,Moderate
CH0557,83,718,93,Moderate
CH0558,93,733,103,Mild
CH0559,87,651,72,Moderate
CH0560,108,835,121,Not anemic
CH0561,124,870,89,Moderate
CH0562,146,1036,109,Mild
CH0563,93,825,99,Moderate
CH0564,133,930,117,Not anemic
CH0565,108,853,112,Not anemic
CH0566,72,751,99,Moderate
CH0567,71,680,88,Moderate
CH0568,98,877,119,Not anemic
CH0569,90,667,102,Mild
CH0570,125,994,100,Mild
CH0571,66,666,102,Mild
CH0572,102,801,102,Mild
CH0573,69,693,113,Not anemic
CH0574,94,891,118,Not anemic
CH0575,138,943,114,Not anemic
CH0576,134,1038,137,Not anemic
CH0577,84,768,117,Not anemic
CH0578,76,754,120,Not anemic
CH0579,104,853,103,Mild
CH0580,81,692,98,Moderate
CH0581,112,837,121,Not anemic
CH0582,155,952,124,Not anemic
CH0583,120,916,122,Not anemic
CH0584,122,988,108,Mild
CH0585,110,867,117,Not anemic
CH0586,144,1015,125,Not anemic
CH0587,165,1016,128,Not anemic
CH0588,134,951,105,Mild
CH0589,111,943,111,Not anemic
CH0590,61,695,117,Not anemic
CH0591,129,925,114,Not anemic
CH0592,98,850,111,Not anemic
CH0593,101,830,112,Not anemic
CH0594,118,930,125,Not anemic
CH0595,114,840,105,Mild
CH0596,102,820,104,Mild
CH0597,124,880,113,Not anemic
CH0598,75,730,109,Mild
CH0599,144,965,128,Not anemic
CH0600,92,759,112,Not anemic
CH0601,106,850,112,Not anemic
CH0602,74,694,113,Not anemic
CH0603,130,989,135,Not anemic
CH0604,70,695,103,Mild
CH0605,112,931,141,Not anemic
CH0606,132,975,121,Not anemic
CH0607,144,980,110,Not anemic
CH0608,128,913,105,Mild
CH0609,94,785,113,Not anemic
CH0610,93,784,109,Mild
CH0611,98,809,117,Not anemic
CH0612,140,989,114,Not anemic
CH0613,97,829,100,Mild
CH0614,115,851,95,Moderate
CH0615,75,713,92,Moderate
CH0616,90,795,101,Mild
CH0617,74,594,108,Mild
CH0618,85,688,99,Moderate
CH0619,111,866,95,Moderate
CH0620,111,785,107,Mild
CH0621,74,664,113,Not anemic
CH0622,77,715,115,Not anemic
CH0623,116,848,124,Not anemic
CH0624,92,644,116,Not anemic
CH0625,133,990,98,Moderate
CH0626,120,946,126,Not anemic
CH0627,87,730,117,Not anemic
CH0628,93,775,119,Not anemic
CH0629,132,966,107,Mild
CH0630,97,784,95,Moderate
CH0631,83,716,91,Moderate
CH0632,130,950,114,Not anemic
CH0633,100,861,125,Not anemic
CH0634,81,742,105,Mild
CH0635,93,794,119,Not anemic
CH0636,125,993,116,Not anemic
CH0637,91,842,114,Not anemic
CH0638,84,,116,Not anemic
CH0639,123,915,115,Not anemic
CH0640,115,867,110,Not anemic
CH0641,83,702,104,Mild
CH0642,125,941,116,Not anemic
CH0643,129,934,121,Not anemic
CH0644,83,735,99,Moderate
CH0645,131,923,128,Not anemic
CH0646,135,934,113,Not anemic
CH0647,75,710,116,Not anemic
CH0648,123,902,113,Not anemic
CH0649,112,815,118,Not anemic
CH0650,147,988,114,Not anemic
CH0651,102,768,116,Not anemic
CH0652,113,927,96,Moderate
CH0653,109,860,118,Not anemic
CH0654,59,617,106,Mild
CH0655,107,932,114,Not anemic
CH0656,137,991,113,Not anemic
CH0657,96,711,87,Moderate
CH0658,137,943,110,Not anemic
CH0659,104,884,106,Mild
CH0660,95,714,60,Severe
CH0661,112,866,102,Mild
CH0662,159,1050,129,Not anemic
CH0663,104,830,105,Mild
CH0664,128,903,118,Not anemic
CH0665,120,896,123,Not anemic
CH0666,75,686,122,Not anemic
CH0667,152,1025,118,Not anemic
CH0668,139,923,93,Moderate
CH0669,103,767,110,Not anemic
CH0670,155,983,111,Not anemic
CH0671,98,852,125,Not anemic
CH0672,160,1009,115,Not anemic
CH0673,144,969,102,Mild
CH0674,92,824,130,Not anemic
CH0675,77,662,100,Mild
CH0676,98,801,111,Not anemic
CH0677,81,716,95,Moderate
CH0678,64,737,89,Moderate
CH0679,119,876,100,Mild
CH0680,101,804,108,Mild
CH0681,134,954,93,Moderate
CH0682,78,761,103,Mild
CH0683,109,945,98,Moderate
CH0684,133,968,97,Moderate
CH0685,89,752,79,Moderate
CH0686,76,752,81,Moderate
CH0687,96,780,67,Severe
CH0688,108,876,116,Not anemic
CH0689,63,660,106,Mild
CH0690,117,905,115,Not anemic
CH0691,81,733,106,Mild
CH0692,61,640,117,Not anemic
CH0693,74,725,104,Mild
CH0694,99,839,119,Not anemic
CH0695,100,846,110,Not anemic
CH0696,137,987,111,Not anemic
CH0697,117,967,109,Mild
CH0698,87,754,104,Mild
CH0699,90,788,102,Mild
CH0700,82,704,98,Moderate
CH0701,122,950,106,Mild
CH0702,79,740,102,Mild
CH0703,104,774,91,Moderate
CH0704,69,675,112,Not anemic
CH0705,134,926,91,Moderate
CH0706,85,724,76,Moderate
CH0707,130,944,114,Not anemic
CH0708,108,851,113,Not anemic
CH0709,121,949,105,Mild
CH0710,74,717,94,Moderate
CH0711,77,747,105,Mild
CH0712,121,950,103,Mild
CH0713,99,773,82,Moderate
CH0714,111,871,104,Mild
CH0715,86,749,92,Moderate
CH0716,134,977,117,Not anemic
CH0717,127,980,129,Not anemic
CH0718,145,988,89,Moderate
CH0719,104,771,125,Not anemic
CH0720,126,911,107,Mild
CH0721,161,1049,134,Not anemic
CH0722,94,764,114,Not anemic
CH0723,155,1041,109,Mild
CH0724,85,712,113,Not anemic
CH0725,148,978,122,Not anemic
CH0726,82,727,97,Moderate
CH0727,124,905,93,Moderate
CH0728,95,779,117,Not anemic
CH0729,111,884,121,Not anemic
CH0730,86,764,113,Not anemic
CH0731,124,917,118,Not anemic
CH0732,65,633,101,Mild
CH0733,277,1169,139,Not anemic
CH0734,161,1017,128,Not anemic
CH0735,134,941,121,Not anemic
CH0736,126,936,118,Not anemic
CH0737,127,930,123,Not anemic
CH0738,123,991,113,Not anemic
CH0739,120,922,106,Mild
CH0740,78,740,98,Moderate
CH0741,118,925,109,Mild
CH0742,94,802,103,Mild
CH0743,84,728,90,Moderate
CH0744,68,601,106,Mild
CH0745,112,850,102,Mild
CH0746,116,963,92,Moderate
CH0747,111,858,108,Mild
CH0748,101,813,116,Not anemic
CH0749,118,885,105,Mild
CH0750,113,830,94,Moderate
CH0751,138,966,117,Not anemic
CH0752,103,810,87,Moderate
CH0753,93,692,114,Not anemic
CH0754,135,983,99,Moderate
CH0755,134,941,108,Mild
CH0756,75,696,112,Not anemic
CH0757,187,1091,127,Not anemic
CH0758,130,924,117,Not anemic
CH0759,111,932,112,Not anemic
CH0760,141,998,117,Not anemic
CH0761,139,980,104,Mild
CH0762,162,1002,122,Not anemic
CH0763,136,951,116,Not anemic
CH0764,94,762,89,Moderate
CH0765,165,1101,115,Not anemic
CH0766,128,944,121,Not anemic
CH0767,91,666,107,Mild
CH0768,119,906,111,Not anemic
CH0769,98,738,113,Not anemic
CH0770,91,773,110,Not anemic
CH0771,215,1168,129,Not anemic
CH0772,103,864,118,Not anemic
CH0773,97,715,84,Moderate
CH0774,117,831,122,Not anemic
CH0775,109,891,120,Not anemic
CH0776,147,989,113,Not anemic
CH0777,127,1005,123,Not anemic
CH0778,118,997,109,Mild
CH0779,117,797,115,Not anemic
CH0780,88,711,116,Not anemic
CH0781,83,787,64,Severe
CH0782,117,847,107,Mild
CH0783,131,906,122,Not anemic
CH0784,141,1010,126,Not anemic
CH0785,91,712,62,Severe
CH0786,97,729,106,Mild
CH0787,121,918,101,Mild
CH0788,96,684,80,Moderate
CH0789,134,954,91,Moderate
CH0790,98,823,106,Mild
CH0791,144,982,121,Not anemic
CH0792,107,964,105,Mild
CH0793,113,867,107,Mild
CH0794,69,662,111,Not anemic
CH0795,109,851,62,Severe
CH0796,97,822,125,Not anemic
CH0797,151,1042,144,Not anemic
CH0798,105,821,106,Mild
CH0799,103,924,88,Moderate
CH0800,96,878,112,Not anemic
CH0801,114,863,124,Not anemic
CH0802,121,792,136,Not anemic
CH0803,86,732,119,Not anemic
CH0804,108,889,123,Not anemic
CH0805,96,862,118,Not anemic
CH0806,109,928,117,Not anemic
CH0807,101,849,127,Not anemic
CH0808,121,873,124,Not anemic
CH0809,142,944,125,Not anemic
CH0810,145,1013,123,Not anemic
CH0811,96,751,77,Moderate
CH0812,201,957,115,Not anemic
CH0813,108,751,121,Not anemic
CH0814,141,1020,113,Not anemic
CH0815,100,752,91,Moderate
CH0816,132,954,102,Mild
CH0817,64,633,114,Not anemic
CH0818,96,815,110,Not anemic
CH0819,106,807,105,Mild
CH0820,121,905,100,Mild
CH0821,111,853,112,Not anemic
CH0822,101,795,101,Mild
CH0823,124,801,88,Moderate
CH0824,86,795,107,Mild
CH0825,95,809,113,Not anemic
CH0826,112,850,102,Mild
CH0827,140,973,114,Not anemic
CH0828,151,957,110,Not anemic
CH0829,103,815,104,Mild
CH0830,129,924,116,Not anemic
CH0831,79,716,78,Moderate
CH0832,80,726,97,Moderate
CH0833,105,892,103,Mild
CH0834,111,807,111,Not anemic
CH0835,124,896,122,Not anemic
CH0836,85,645,116,Not anemic
CH0837,144,1052,123,Not anemic
CH0838,86,782,130,Not anemic
CH0839,85,729,93,Moderate
CH0840,96,801,120,Not anemic
CH0841,80,797,110,Not anemic
CH0842,75,686,107,Mild
CH0843,99,895,109,Mild
CH0844,73,712,100,Mild
CH0845,102,955,124,Not anemic
CH0846,101,899,111,Not anemic
CH0847,137,1017,107,Mild
CH0848,136,984,102,Mild
CH0849,94,728,109,Mild
CH0850,107,849,115,Not anemic
CH0851,126,907,118,Not anemic
CH0852,88,743,101,Mild
CH0853,117,871,108,Mild
CH0854,83,685,106,Mild
CH0855,178,1053,123,Not anemic
CH0856,80,720,89,Moderate
CH0857,100,868,115,Not anemic
CH0858,63,696,110,Not anemic
CH0859,157,1079,111,Not anemic
CH0860,96,819,117,Not anemic
CH0861,142,974,105,Mild
CH0862,90,761,98,Moderate
CH0863,90,824,92,Moderate
CH0864,116,931,113,Not anemic
CH0865,133,1040,130,Not anemic
CH0866,156,1006,114,Not anemic
CH0867,96,763,107,Mild
CH0868,79,626,102,Mild
CH0869,106,884,112,Not anemic
CH0870,134,942,97,Moderate
CH0871,120,895,106,Mild
CH0872,82,755,102,Mild
CH0873,87,752,93,Moderate
CH0874,110,899,110,Not anemic
CH0875,92,757,86,Moderate
CH0876,90,817,116,Not anemic
CH0877,123,918,92,Moderate
CH0878,104,949,111,Not anemic
CH0879,95,838,104,Mild
CH0880,128,959,114,Not anemic
CH0881,90,714,90,Moderate
CH0882,127,901,103,Mild
CH0883,96,736,109,Mild
CH0884,122,943,116,Not anemic
CH0885,116,909,103,Mild
CH0886,111,914,124,Not anemic
CH0887,108,811,111,Not anemic
CH0888,80,818,115,Not anemic
CH0889,93,819,113,Not anemic
CH0890,116,945,112,Not anemic
CH0891,127,976,95,Moderate
CH0892,143,1053,111,Not anemic
CH0893,71,681,100,Mild
CH0894,81,734,112,Not anemic
CH0895,115,957,106,Mild
CH0896,75,717,97,Moderate
CH0897,97,823,110,Not anemic
CH0898,118,871,125,Not anemic
CH0899,94,818,110,Not anemic
CH0900,80,769,97,Moderate
CH0901,98,830,110,Not anemic
CH0902,124,927,105,Mild
CH0903,88,747,119,Not anemic
CH0904,131,1012,103,Mild
CH0905,110,832,89,Moderate
CH0906,124,1006,96,Moderate
CH0907,112,891,94,Moderate
CH0908,118,902,104,Mild
CH0909,136,947,102,Mild
CH0910,97,805,125,Not anemic
CH0911,86,717,116,Not anemic
CH0912,69,709,106,Mild
CH0913,114,879,105,Mild
CH0914,86,720,84,Moderate
CH0915,95,848,117,Not anemic
CH0916,103,879,114,Not anemic
CH0917,147,982,110,Not anemic
CH0918,91,743,114,Not anemic
CH0919,148,1030,109,Mild
CH0920,141,987,115,Not anemic
CH0921,144,977,102,Mild
CH0922,112,891,122,Not anemic
CH0923,77,731,123,Not anemic
CH0924,115,878,124,Not anemic
CH0925,98,696,104,Mild
CH0926,140,982,114,Not anemic
CH0927,99,807,110,Not anemic
CH0928,115,863,128,Not anemic
CH0929,88,763,116,Not anemic
CH0930,146,1009,128,Not anemic
CH0931,104,901,123,Not anemic
CH0932,163,1062,111,Not anemic
CH0933,138,972,97,Moderate
CH0934,127,931,109,Mild
CH0935,111,900,109,Mild
CH0936,86,755,109,Mild
CH0937,117,892,109,Mild
CH0938,107,919,112,Not anemic
CH0939,102,878,105,Mild
CH0940,92,783,101,Mild
CH0941,130,1000,117,Not anemic
CH0942,88,736,93,Moderate
CH0943,99,823,103,Mild
CH0944,144,1020,88,Moderate
CH0945,91,825,88,Moderate
CH0946,92,742,97,Moderate
CH0947,128,953,117,Not anemic
CH0948,77,723,90,Moderate
CH0949,153,1030,120,Not anemic
CH0950,79,705,89,Moderate
CH0951,91,814,85,Moderate
CH0952,131,885,117,Not anemic
CH0953,63,677,110,Not anemic
CH0954,114,909,98,Moderate
CH0955,103,872,127,Not anemic
CH0956,78,752,108,Mild
CH0957,145,1029,107,Mild
CH0958,65,643,88,Moderate
CH0959,104,876,109,Mild
CH0960,99,802,83,Moderate
CH0961,115,952,103,Mild
CH0962,72,691,76,Moderate
CH0963,140,942,112,Not anemic
CH0964,175,859,108,Mild
CH0965,108,914,107,Mild
CH0966,112,891,122,Not anemic
CH0967,130,877,93,Moderate
CH0968,85,710,110,Not anemic
CH0969,106,892,111,Not anemic
CH0970,110,894,107,Mild
CH0971,80,720,78,Moderate
CH0972,106,893,115,Not anemic
CH0973,77,760,96,Moderate
CH0974,112,862,107,Mild
CH0975,83,736,75,Moderate
CH0976,58,603,70,Moderate
CH0977,136,925,111,Not anemic
CH0978,103,861,121,Not anemic
CH0979,143,1011,118,Not anemic
CH0980,76,705,94,Moderate
CH0981,86,763,121,Not anemic
CH0982,90,806,106,Mild
CH0983,96,803,120,Not anemic
CH0984,129,967,119,Not anemic
CH0985,96,859,83,Moderate
CH0986,109,,102,Mild
CH0987,124,973,104,Mild
CH0988,71,722,89,Moderate
CH0989,140,972,108,Mild
CH0990,132,962,105,Mild
CH0991,48,679,93,Moderate
CH0992,72,731,86,Moderate
CH0993,122,902,123,Not anemic
CH0994,91,773,111,Not anemic
CH0995,81,696,102,Mild
CH0996,131,997,121,Not anemic
CH0997,80,842,132,Not anemic
CH0998,102,813,115,Not anemic
CH0999,128,907,108,Mild
CH1000,122,941,113,Not anemic
CH1001,80,733,114,Not anemic
CH1002,99,821,110,Not anemic
CH1003,101,780,95,Moderate
CH1004,122,956,127,Not anemic
CH1005,106,818,113,Not anemic
CH1006,60,642,47,Severe
CH1007,132,962,117,Not anemic
CH1008,163,978,113,Not anemic
CH1009,131,870,121,Not anemic
CH1010,146,980,136,Not anemic
CH1011,141,1010,125,Not anemic
CH1012,77,685,106,Mild
CH1013,252,1063,118,Not anemic
CH1014,109,808,115,Not anemic
CH1015,187,1010,112,Not anemic
CH1016,103,733,100,Mild
CH1017,90,713,108,Mild
CH1018,124,990,122,Not anemic
CH1019,116,939,126,Not anemic
CH1020,85,782,84,Moderate
CH1021,78,655,111,Not anemic
CH1022,142,1019,113,Not anemic
CH1023,88,722,109,Mild
CH1024,121,938,115,Not anemic
CH1025,106,756,113,Not anemic
CH1026,133,973,107,Mild
CH1027,86,792,116,Not anemic
CH1028,86,970,110,Not anemic
CH1029,63,618,112,Not anemic
CH1030,103,890,105,Mild
CH1031,92,745,117,Not anemic
CH1032,154,1024,123,Not anemic
CH1033,83,750,116,Not anemic
CH1034,131,946,106,Mild
CH1035,92,942,102,Mild
CH1036,71,753,87,Moderate
CH1037,132,995,111,Not anemic
CH1038,82,783,109,Mild
CH1039,106,868,119,Not anemic
CH1040,103,829,113,Not anemic
CH1041,141,996,111,Not anemic
CH1042,82,742,88,Moderate
CH1043,96,752,98,Moderate
CH1044,117,938,118,Not anemic
CH1045,85,703,90,Moderate
CH1046,114,927,102,Mild
CH1047,134,925,125,Not anemic
CH1048,101,825,112,Not anemic
CH1049,131,1010,95,Moderate
CH1050,67,752,94,Moderate
CH1051,131,875,103,Mild
CH1052,126,986,122,Not anemic
CH1053,93,792,105,Mild
CH1054,97,771,120,Not anemic
CH1055,149,1007,113,Not anemic
CH1056,126,982,116,Not anemic
CH1057,114,850,113,Not anemic
CH1058,67,667,99,Moderate
CH1059,104,854,111,Not anemic
CH1060,137,964,105,Mild
CH1061,151,1073,114,Not anemic
CH1062,124,935,113,Not anemic
CH1063,82,709,111,Not anemic
CH1064,138,932,119,Not anemic
CH1065,107,906,106,Mild
CH1066,143,927,115,Not anemic
CH1067,110,915,132,Not anemic
CH1068,131,972,127,Not anemic
CH1069,127,912,107,Mild
CH1070,115,815,99,Moderate
CH1071,126,941,99,Moderate
CH1072,93,784,117,Not anemic
CH1073,140,981,104,Mild
CH1074,70,678,99,Moderate
CH1075,105,885,118,Not anemic
CH1076,140,1008,106,Mild
CH1077,101,858,107,Mild
CH1078,80,710,91,Moderate
CH1079,99,804,112,Not anemic
CH1080,96,784,113,Not anemic
CH1081,119,966,93,Moderate
CH1082,157,1026,99,Moderate
CH1083,165,1083,112,Not anemic
CH1084,125,892,100,Mild
CH1085,175,1038,111,Not anemic
CH1086,94,817,93,Moderate
CH1087,128,957,128,Not anemic
CH1088,115,920,123,Not anemic
CH1089,70,672,86,Moderate
CH1090,109,841,102,Mild
CH1091,87,734,100,Mild
CH1092,132,952,123,Not anemic
CH1093,116,866,122,Not anemic
CH1094,114,932,121,Not anemic
CH1095,89,768,97,Moderate
CH1096,106,873,99,Moderate
CH1097,94,868,108,Mild
CH1098,65,696,86,Moderate
CH1099,75,736,113,Not anemic
CH1100,132,947,107,Mild
CH1101,108,891,112,Not anemic
CH1102,125,971,112,Not anemic
CH1103,118,878,94,Moderate
CH1104,157,1035,115,Not anemic
CH1105,67,658,97,Moderate
CH1106,114,947,118,Not anemic
CH1107,102,866,112,Not anemic
CH1108,130,916,122,Not anemic
CH1109,99,842,100,Mild
CH1110,127,930,106,Mild
CH1111,131,937,123,Not anemic
CH1112,75,692,114,Not anemic
CH1113,173,1038,112,Not anemic
CH1114,76,701,105,Mild
CH1115,72,661,96,Moderate
CH1116,134,946,116,Not anemic
CH1117,120,966,118,Not anemic
CH1118,129,991,114,Not anemic
CH1119,87,718,108,Mild
CH1120,113,836,109,Mild
CH1121,89,836,112,Not anemic
CH1122,131,996,101,Mild
CH1123,125,929,116,Not anemic
CH1124,140,1008,116,Not anemic
CH1125,171,1040,114,Not anemic
CH1126,46,622,106,Mild
CH1127,110,907,122,Not anemic
CH1128,75,732,102,Mild
CH1129,87,786,102,Mild
CH1130,176,1104,137,Not anemic
CH1131,124,822,132,Not anemic
CH1132,145,1030,90,Moderate
CH1133,135,956,111,Not anemic
CH1134,136,971,114,Not anemic
CH1135,225,1111,120,Not anemic
CH1136,76,716,106,Mild
CH1137,89,807,125,Not anemic
CH1138,53,762,120,Not anemic
CH1139,92,755,104,Mild
CH1140,106,774,108,Mild
CH1141,91,833,118,Not anemic
CH1142,71,719,97,Moderate
CH1143,157,1043,119,Not anemic
CH1144,109,867,120,Not anemic
CH1145,93,809,127,Not anemic
CH1146,159,1001,122,Not anemic
CH1147,68,651,85,Moderate
CH1148,115,945,114,Not anemic
CH1149,83,753,108,Mild
CH1150,106,878,108,Mild
CH1151,105,881,118,Not anemic
CH1152,74,679,98,Moderate
CH1153,71,732,100,Mild
CH1154,107,842,118,Not anemic
CH1155,110,896,108,Mild
CH1156,167,1038,86,Moderate
CH1157,109,782,114,Not anemic
CH1158,83,746,66,Severe
CH1159,108,879,75,Moderate
CH1160,127,934,113,Not anemic
CH1161,141,1093,111,Not anemic
CH1162,70,731,105,Mild
CH1163,114,944,108,Mild
CH1164,70,710,87,Moderate
CH1165,84,728,112,Not anemic
CH1166,130,956,109,Mild
CH1167,96,856,100,Mild
CH1168,119,980,81,Moderate
CH1169,123,874,102,Mild
CH1170,155,1039,98,Moderate
CH1171,114,842,97,Moderate
CH1172,119,885,109,Mild
CH1173,88,800,113,Not anemic
CH1174,143,1041,112,Not anemic
CH1175,157,1045,125,Not anemic
CH1176,90,810,111,Not anemic
CH1177,125,860,102,Mild
CH1178,96,782,119,Not anemic
CH1179,87,857,101,Mild
CH1180,59,673,99,Moderate
CH1181,106,905,93,Moderate
CH1182,107,882,113,Not anemic
CH1183,120,954,119,Not anemic
CH1184,69,763,87,Moderate
CH1185,128,1032,103,Mild
CH1186,114,948,128,Not anemic
CH1187,89,790,115,Not anemic
CH1188,111,952,109,Mild
CH1189,90,824,107,Mild
CH1190,95,722,80,Moderate
CH1191,102,871,124,Not anemic
CH1192,93,837,104,Mild
CH1193,148,1016,117,Not anemic
CH1194,112,906,98,Moderate
CH1195,132,904,122,Not anemic
CH1196,138,913,93,Moderate
CH1197,127,951,105,Mild
CH1198,91,791,129,Not anemic
CH1199,76,692,104,Mild
CH1200,80,597,115,Not anemic
CH1201,104,822,100,Mild
CH1202,92,837,118,Not anemic
CH1203,95,901,137,Not anemic
CH1204,113,876,118,Not anemic
CH1205,102,886,90,Moderate
CH1206,129,964,117,Not anemic
CH1207,154,1004,100,Mild
CH1208,189,1031,100,Mild
CH1209,163,1095,121,Not anemic
CH1210,91,828,111,Not anemic
CH1211,123,889,101,Mild
CH1212,120,880,96,Moderate
CH1213,110,861,112,Not anemic
CH1214,130,974,130,Not anemic
CH1215,105,852,125,Not anemic
CH1216,155,1001,108,Mild
CH1217,126,1002,101,Mild
CH1218,94,788,107,Mild
CH1219,98,861,117,Not anemic
CH1220,112,897,119,Not anemic
CH1221,136,927,115,Not anemic
CH1222,83,734,106,Mild
CH1223,126,987,121,Not anemic
CH1224,79,717,109,Mild
CH1225,103,841,109,Mild
CH1226,91,810,109,Mild
CH1227,123,898,106,Mild
CH1228,132,972,118,Not anemic
CH1229,75,711,109,Mild
CH1230,148,1014,109,Mild
CH1231,141,1020,125,Not anemic
CH1232,137,989,98,Moderate
CH1233,92,676,84,Moderate
CH1234,120,876,125,Not anemic
CH1235,142,987,126,Not anemic
CH1236,123,1038,118,Not anemic
CH1237,66,644,98,Moderate
CH1238,120,931,113,Not anemic
CH1239,90,743,101,Mild
CH1240,99,836,99,Moderate
CH1241,136,1012,127,Not anemic
CH1242,117,926,124,Not anemic
CH1243,122,1012,113,Not anemic
CH1244,135,991,113,Not anemic
CH1245,114,848,109,Mild
CH1246,78,724,121,Not anemic
CH1247,90,722,109,Mild
CH1248,109,811,109,Mild
CH1249,141,1010,113,Not anemic
CH1250,108,855,115,Not anemic
CH1251,140,1009,119,Not anemic
CH1252,111,1062,112,Not anemic
CH1253,151,995,106,Mild
CH1254,177,1025,128,Not anemic
CH1255,147,917,121,Not anemic
CH1256,138,948,99,Moderate
CH1257,124,933,111,Not anemic
CH1258,110,816,116,Not anemic
CH1259,120,960,118,Not anemic
CH1260,85,784,123,Not anemic
CH1261,83,722,119,Not anemic
CH1262,148,969,95,Moderate
CH1263,109,897,138,Not anemic
CH1264,113,934,112,Not anemic
CH1265,127,950,120,Not anemic
CH1266,129,1000,125,Not anemic
CH1267,71,685,108,Mild
CH1268,109,824,122,Not anemic
CH1269,143,946,126,Not anemic
CH1270,115,882,109,Mild
CH1271,130,984,115,Not anemic
CH1272,104,739,68,Severe
CH1273,92,831,102,Mild
CH1274,145,1005,108,Mild
CH1275,92,751,99,Moderate
CH1276,128,903,125,Not anemic
CH1277,77,671,103,Mild
CH1278,88,752,121,Not anemic
CH1279,136,996,123,Not anemic
CH1280,133,995,108,Mild
CH1281,130,977,115,Not anemic
CH1282,115,868,97,Moderate
CH1283,101,842,92,Moderate
CH1284,90,777,109,Mild
CH1285,160,1031,117,Not anemic
CH1286,83,792,110,Not anemic
CH1287,122,936,115,Not anemic
CH1288,147,1005,118,Not anemic
CH1289,85,696,118,Not anemic
CH1290,139,979,111,Not anemic
CH1291,82,722,88,Moderate
CH1292,118,885,94,Moderate
CH1293,86,767,92,Moderate
CH1294,66,677,115,Not anemic
CH1295,95,853,103,Mild
CH1296,115,849,104,Mild
CH1297,119,920,,
CH1298,119,858,108,Mild
CH1299,84,717,98,Moderate
CH1300,121,894,118,Not anemic
CH1301,139,1005,105,Mild
CH1302,82,714,95,Moderate
CH1303,104,866,108,Mild
CH1304,126,977,100,Mild
CH1305,84,775,76,Moderate
CH1306,94,840,100,Mild
CH1307,111,864,114,Not anemic
CH1308,86,738,119,Not anemic
CH1309,114,883,113,Not anemic
CH1310,179,991,102,Mild
CH1311,119,966,116,Not anemic
CH1312,101,719,114,Not anemic
CH1313,115,897,100,Mild
CH1314,100,776,95,Moderate
CH1315,99,749,101,Mild
CH1316,104,771,100,Mild
CH1317,91,722,98,Moderate
CH1318,125,945,118,Not anemic
CH1319,157,1006,126,Not anemic
CH1320,149,1026,115,Not anemic
CH1321,106,874,95,Moderate
CH1322,69,637,90,Moderate
CH1323,121,887,117,Not anemic
CH1324,127,837,109,Mild
CH1325,119,930,89,Moderate
CH1326,147,1025,110,Not anemic
CH1327,92,750,81,Moderate
CH1328,145,1018,121,Not anemic
CH1329,128,1036,125,Not anemic
CH1330,112,833,94,Moderate
CH1331,104,758,89,Moderate
CH1332,114,896,85,Moderate
CH1333,95,795,107,Mild
CH1334,99,783,108,Mild
CH1335,179,1050,121,Not anemic
CH1336,103,877,101,Mild
CH1337,89,745,101,Mild
CH1338,68,703,100,Mild
CH1339,63,667,95,Moderate
CH1340,109,811,77,Moderate
CH1341,177,1081,126,Not anemic
CH1342,112,881,112,Not anemic
CH1343,191,1080,106,Mild
CH1344,109,886,116,Not anemic
CH1345,95,801,114,Not anemic
CH1346,99,793,108,Mild
CH1347,99,732,101,Mild
CH1348,94,808,115,Not anemic
CH1349,95,763,121,Not anemic
CH1350,121,896,109,Mild
CH1351,74,686,97,Moderate
CH1352,73,671,99,Moderate
CH1353,126,957,127,Not anemic
CH1354,78,716,118,Not anemic
CH1355,113,940,126,Not anemic
CH1356,129,1006,120,Not anemic
CH1357,85,733,104,Mild
CH1358,146,1012,112,Not anemic
CH1359,102,791,106,Mild
CH1360,212,1202,115,Not anemic
CH1361,120,945,110,Not anemic
CH1362,106,853,96,Moderate
CH1363,120,941,104,Mild
CH1364,92,819,99,Moderate
CH1365,114,924,112,Not anemic
CH1366,108,760,109,Mild
CH1367,99,877,132,Not anemic
CH1368,68,687,116,Not anemic
CH1369,133,891,105,Mild
CH1370,82,742,119,Not anemic
CH1371,67,996,102,Mild
CH1372,108,857,111,Not anemic
CH1373,140,976,123,Not anemic
CH1374,122,915,103,Mild
CH1375,145,1026,129,Not anemic
CH1376,89,746,92,Moderate
CH1377,164,1111,113,Not anemic
CH1378,102,824,108,Mild
CH1379,110,882,107,Mild
CH1380,76,716,99,Moderate
CH1381,104,856,101,Mild
CH1382,95,858,104,Mild
CH1383,73,689,90,Moderate
CH1384,135,931,113,Not anemic
CH1385,113,866,108,Mild
CH1386,105,864,111,Not anemic
CH1387,122,942,106,Mild
CH1388,120,909,130,Not anemic
CH1389,71,726,147,Not anemic
CH1390,177,1077,125,Not anemic
CH1391,158,1032,131,Not anemic
CH1392,88,745,106,Mild
CH1393,83,686,99,Moderate
CH1394,144,1054,111,Not anemic
CH1395,123,918,122,Not anemic
CH1396,84,694,101,Mild
CH1397,149,1046,105,Mild
CH1398,112,883,94,Moderate
CH1399,112,863,105,Mild
CH1400,137,926,106,Mild
CH1401,100,844,98,Moderate
CH1402,125,915,126,Not anemic
CH1403,94,880,87,Moderate
CH1404,94,875,112,Not anemic
CH1405,97,822,100,Mild
CH1406,106,851,111,Not anemic
CH1407,133,891,106,Mild
CH1408,93,756,134,Not anemic
CH1409,149,1004,102,Mild
CH1410,132,980,104,Mild
CH1411,102,855,103,Mild
CH1412,153,1053,113,Not anemic
CH1413,101,760,97,Moderate
CH1414,94,753,120,Not anemic
CH1415,134,958,109,Mild
CH1416,134,1020,108,Mild
CH1417,78,681,97,Moderate
CH1418,89,726,100,Mild
CH1419,84,672,109,Mild
CH1420,134,969,123,Not anemic
CH1421,119,923,100,Mild
CH1422,142,1019,107,Mild
CH1423,133,980,113,Not anemic
CH1424,97,832,105,Mild
CH1425,96,832,108,Mild
CH1426,107,862,86,Moderate
CH1427,79,771,112,Not anemic
CH1428,102,877,121,Not anemic
CH1429,75,730,114,Not anemic
CH1430,90,781,104,Mild
CH1431,85,760,100,Mild
CH1432,83,550,94,Moderate
CH1433,115,912,114,Not anemic
CH1434,105,781,128,Not anemic
CH1435,93,801,110,Not anemic
CH1436,91,770,128,Not anemic
CH1437,90,757,104,Mild
CH1438,110,851,100,Mild
CH1439,76,706,102,Mild
CH1440,145,971,107,Mild
CH1441,208,1150,129,Not anemic
CH1442,188,1085,130,Not anemic
CH1443,80,594,78,Moderate
CH1444,127,943,103,Mild
CH1445,109,852,112,Not anemic
CH1446,70,709,91,Moderate
CH1447,75,731,112,Not anemic
CH1448,111,860,116,Not anemic
CH1449,109,869,115,Not anemic
CH1450,107,896,111,Not anemic
CH1451,143,1112,108,Mild
CH1452,122,970,114,Not anemic
CH1453,80,795,111,Not anemic
CH1454,77,725,93,Moderate
CH1455,165,1030,115,Not anemic
CH1456,106,934,97,Moderate
CH1457,122,801,126,Not anemic
CH1458,106,932,118,Not anemic
CH1459,110,950,113,Not anemic
CH1460,130,995,124,Not anemic
CH1461,153,1025,113,Not anemic
CH1462,101,788,107,Mild
CH1463,100,982,123,Not anemic
CH1464,84,744,132,Not anemic
CH1465,105,891,108,Mild
CH1466,131,969,123,Not anemic
CH1467,112,901,121,Not anemic
CH1468,131,954,108,Mild
CH1469,90,838,120,Not anemic
CH1470,118,885,111,Not anemic
CH1471,166,1116,109,Mild
CH1472,87,724,102,Mild
CH1473,116,947,104,Mild
CH1474,154,1007,121,Not anemic
CH1475,85,746,108,Mild
CH1476,66,657,108,Mild
CH1477,119,951,79,Moderate
CH1478,95,823,104,Mild
CH1479,120,898,110,Not anemic
CH1480,157,1056,110,Not anemic
CH1481,114,884,119,Not anemic
CH1482,113,865,111,Not anemic
CH1483,146,1006,110,Not anemic
CH1484,61,614,90,Moderate
CH1485,153,1047,115,Not anemic
CH1486,121,949,111,Not anemic
CH1487,109,871,117,Not anemic
CH1488,110,891,103,Mild
CH1489,116,949,142,Not anemic
CH1490,151,1015,114,Not anemic
CH1491,122,932,108,Mild
CH1492,102,764,109,Mild
CH1493,135,988,112,Not anemic
CH1494,118,914,117,Not anemic
CH1495,115,870,89,Moderate
CH1496,119,882,87,Moderate
CH1497,155,993,118,Not anemic
CH1498,136,985,130,Not anemic
CH1499,87,801,105,Mild
CH1500,134,1043,110,Not anemic
CH1501,70,736,106,Mild
CH1502,121,942,115,Not anemic
CH1503,73,783,94,Moderate
CH1504,71,677,91,Moderate
CH1505,71,681,101,Mild
CH1506,145,972,116,Not anemic
CH1507,67,716,105,Mild
CH1508,130,964,117,Not anemic
CH1509,122,899,104,Mild
CH1510,85,765,103,Mild
CH1511,119,905,115,Not anemic
CH1512,107,786,93,Moderate
CH1513,80,779,97,Moderate
CH1514,83,713,110,Not anemic
CH1515,93,844,115,Not anemic
CH1516,98,771,124,Not anemic
CH1517,132,995,106,Mild
CH1518,107,931,116,Not anemic
CH1519,91,766,87,Moderate
CH1520,97,824,93,Moderate
CH1521,134,997,115,Not anemic
CH1522,97,757,99,Moderate
CH1523,143,981,123,Not anemic
CH1524,142,1044,119,Not anemic
CH1525,109,828,108,Mild
CH1526,131,997,104,Mild
CH1527,73,750,122,Not anemic
CH1528,83,721,112,Not anemic
CH1529,91,794,88,Moderate
CH1530,104,898,112,Not anemic
CH1531,158,1053,122,Not anemic
CH1532,205,1073,126,Not anemic
CH1533,165,1004,114,Not anemic
CH1534,83,727,84,Moderate
CH1535,79,714,92,Moderate
CH1536,99,856,110,Not anemic
CH1537,107,893,119,Not anemic
CH1538,115,792,60,Severe
CH1539,101,884,127,Not anemic
CH1540,147,1061,112,Not anemic
CH1541,51,671,107,Mild
CH1542,126,929,121,Not anemic
CH1543,95,789,104,Mild
CH1544,78,728,112,Not anemic
CH1545,79,721,103,Mild
CH1546,149,1043,109,Mild
CH1547,95,847,115,Not anemic
CH1548,122,930,101,Mild
CH1549,127,979,128,Not anemic
CH1550,81,753,116,Not anemic
CH1551,100,705,107,Mild
CH1552,92,730,89,Moderate
CH1553,116,864,127,Not anemic
CH1554,89,704,73,Moderate
CH1555,155,1010,119,Not anemic
CH1556,139,987,115,Not anemic
CH1557,130,996,115,Not anemic
CH1558,94,810,102,Mild
CH1559,123,963,115,Not anemic
CH1560,79,762,101,Mild
CH1561,75,695,101,Mild
CH1562,90,804,112,Not anemic
CH1563,84,752,113,Not anemic
CH1564,103,820,112,Not anemic
CH1565,94,768,106,Mild
CH1566,110,904,121,Not anemic
CH1567,92,770,116,Not anemic
CH1568,132,968,109,Mild
CH1569,123,915,90,Moderate
CH1570,106,818,109,Mild
CH1571,106,892,109,Mild
CH1572,144,1037,112,Not anemic
CH1573,125,927,111,Not anemic
CH1574,138,970,101,Mild
CH1575,86,790,107,Mild
CH1576,108,971,108,Mild
CH1577,99,845,99,Moderate
CH1578,91,771,108,Mild
CH1579,65,675,81,Moderate
CH1580,159,1025,118,Not anemic
CH1581,100,812,118,Not anemic
CH1582,122,888,122,Not anemic
CH1583,135,993,121,Not anemic
CH1584,107,880,113,Not anemic
CH1585,188,1115,109,Mild
CH1586,102,946,106,Mild
CH1587,101,885,91,Moderate
CH1588,98,817,104,Mild
CH1589,125,950,105,Mild
CH1590,72,635,102,Mild
CH1591,107,907,121,Not anemic
CH1592,128,944,114,Not anemic
CH1593,149,1067,127,Not anemic
CH1594,123,893,105,Mild
CH1595,91,756,109,Mild
CH1596,117,933,130,Not anemic
CH1597,150,1044,125,Not anemic
CH1598,95,825,107,Mild
CH1599,102,844,120,Not anemic
CH1600,111,874,114,Not anemic
CH1601,134,946,109,Mild
CH1602,116,827,115,Not anemic
CH1603,88,749,109,Mild
CH1604,104,891,118,Not anemic
CH1605,137,988,96,Moderate
CH1606,118,897,96,Moderate
CH1607,141,961,99,Moderate
CH1608,149,1033,89,Moderate
CH1609,184,906,101,Mild
CH1610,139,970,108,Mild
CH1611,269,1100,137,Not anemic
CH1612,168,1046,93,Moderate
CH1613,157,1011,138,Not anemic
CH1614,123,984,99,Moderate
CH1615,122,911,95,Moderate
CH1616,163,1064,117,Not anemic
CH1617,116,907,116,Not anemic
CH1618,132,947,92,Moderate
CH1619,97,804,96,Moderate
CH1620,76,729,88,Moderate
CH1621,98,823,90,Moderate
CH1622,124,925,102,Mild
CH1623,116,871,121,Not anemic
CH1624,90,742,101,Mild
CH1625,90,786,114,Not anemic
CH1626,89,790,114,Not anemic
CH1627,157,1064,116,Not anemic
CH1628,106,857,90,Moderate
CH1629,112,842,121,Not anemic
CH1630,94,710,125,Not anemic
CH1631,83,706,90,Moderate
CH1632,83,679,94,Moderate
CH1633,112,903,120,Not anemic
CH1634,124,923,111,Not anemic
CH1635,129,995,122,Not anemic
CH1636,138,982,107,Mild
CH1637,93,849,112,Not anemic
CH1638,123,966,117,Not anemic
CH1639,70,718,113,Not anemic
CH1640,107,856,102,Mild
CH1641,88,740,74,Moderate
CH1642,123,886,122,Not anemic
CH1643,131,961,108,Mild
CH1644,75,672,96,Moderate
CH1645,109,880,108,Mild
CH1646,103,916,87,Moderate
CH1647,145,1024,114,Not anemic
CH1648,74,730,115,Not anemic
CH1649,153,1020,109,Mild
CH1650,170,1079,115,Not anemic
CH1651,79,712,98,Moderate
CH1652,122,931,117,Not anemic
CH1653,88,711,92,Moderate
CH1654,99,790,113,Not anemic
CH1655,121,924,112,Not anemic
CH1656,75,747,84,Moderate
CH1657,69,734,102,Mild
CH1658,88,839,141,Not anemic
CH1659,142,1120,132,Not anemic
CH1660,116,919,109,Mild
CH1661,56,635,82,Moderate
CH1662,133,976,116,Not anemic
CH1663,92,775,105,Mild
CH1664,105,862,119,Not anemic
CH1665,137,933,107,Mild
CH1666,71,752,98,Moderate
CH1667,164,1007,103,Mild
CH1668,118,917,120,Not anemic
CH1669,64,677,113,Not anemic
CH1670,149,974,121,Not anemic
CH1671,109,837,132,Not anemic
CH1672,125,780,112,Not anemic
CH1673,91,,,
CH1674,113,862,112,Not anemic
CH1675,127,904,106,Mild
CH1676,105,831,116,Not anemic
CH1677,141,,114,Not anemic
CH1678,138,996,95,Moderate
CH1679,105,870,115,Not anemic
CH1680,143,948,106,Mild
CH1681,105,902,99,Moderate
CH1682,101,836,99,Moderate
CH1683,70,730,81,Moderate
CH1684,127,940,85,Moderate
CH1685,138,936,120,Not anemic
CH1686,110,871,115,Not anemic
CH1687,142,986,119,Not anemic
CH1688,76,672,118,Not anemic
CH1689,104,,106,Mild
CH1690,129,984,119,Not anemic
CH1691,123,987,110,Not anemic
CH1692,123,932,,
CH1693,124,921,109,Mild
CH1694,99,851,,
CH1695,108,931,119,Not anemic
CH1696,145,1040,101,Mild
CH1697,124,956,122,Not anemic
CH1698,82,695,113,Not anemic
CH1699,92,760,105,Mild
CH1700,144,1036,122,Not anemic
CH1701,94,782,105,Mild
CH1702,109,913,116,Not anemic
CH1703,90,791,99,Moderate
CH1704,109,846,124,Not anemic
CH1705,127,951,114,Not anemic
CH1706,95,792,116,Not anemic
CH1707,108,893,109,Mild
CH1708,115,969,114,Not anemic
CH1709,81,764,111,Not anemic
CH1710,151,1062,116,Not anemic
CH1711,81,725,101,Mild
CH1712,100,815,103,Mild
CH1713,100,825,108,Mild
CH1714,138,995,104,Mild
CH1715,83,768,101,Mild
CH1716,93,760,119,Not anemic
CH1717,83,711,107,Mild
CH1718,107,895,105,Mild
CH1719,145,955,116,Not anemic
CH1720,90,810,126,Not anemic
CH1721,96,826,107,Mild
CH1722,66,666,109,Mild
CH1723,97,875,112,Not anemic
CH1724,118,871,105,Mild
CH1725,150,1032,96,Moderate
CH1726,104,901,113,Not anemic
CH1727,113,873,90,Moderate
CH1728,133,998,111,Not anemic
CH1729,87,752,97,Moderate
CH1730,143,973,135,Not anemic
CH1731,91,765,105,Mild
CH1732,98,767,85,Moderate
CH1733,89,782,102,Mild
CH1734,126,897,126,Not anemic
CH1735,83,823,115,Not anemic
CH1736,134,966,110,Not anemic
CH1737,99,844,113,Not anemic
CH1738,78,727,88,Moderate
CH1739,140,961,73,Moderate
CH1740,125,956,115,Not anemic
CH1741,106,835,100,Mild
CH1742,106,902,118,Not anemic
CH1743,95,838,98,Moderate
CH1744,119,878,87,Moderate
CH1745,140,992,114,Not anemic
CH1746,90,791,84,Moderate
CH1747,146,925,96,Moderate
CH1748,106,851,108,Mild
CH1749,70,682,107,Mild
CH1750,140,1012,112,Not anemic
CH1751,131,980,115,Not anemic
CH1752,138,933,128,Not anemic
CH1753,147,974,108,Mild
CH1754,120,908,102,Mild
CH1755,85,699,101,Mild
CH1756,90,751,106,Mild
CH1757,49,567,126,Not anemic
CH1758,137,876,107,Mild
CH1759,70,649,109,Mild
CH1760,133,911,121,Not anemic
CH1761,91,718,108,Mild
CH1762,164,1062,112,Not anemic
CH1763,120,911,127,Not anemic
CH1764,120,930,112,Not anemic
CH1765,127,981,111,Not anemic
CH1766,103,899,99,Moderate
CH1767,120,945,113,Not anemic
CH1768,96,804,106,Mild
CH1769,140,1053,104,Mild
CH1770,95,771,95,Moderate
CH1771,79,703,105,Mild
CH1772,124,879,114,Not anemic
CH1773,155,1028,123,Not anemic
CH1774,106,831,106,Mild
CH1775,81,704,114,Not anemic
CH1776,67,601,111,Not anemic
CH1777,91,790,98,Moderate
CH1778,100,863,117,Not anemic
CH1779,145,1064,113,Not anemic
CH1780,70,689,104,Mild
CH1781,120,945,111,Not anemic
CH1782,110,957,110,Not anemic
CH1783,81,714,83,Moderate
CH1784,118,938,121,Not anemic
CH1785,134,930,109,Mild
CH1786,118,907,113,Not anemic
CH1787,144,1003,92,Moderate
CH1788,104,856,106,Mild
CH1789,78,758,112,Not anemic
CH1790,102,901,103,Mild
CH1791,137,936,84,Moderate
CH1792,147,1012,102,Mild
CH1793,116,994,103,Mild
CH1794,111,889,127,Not anemic
CH1795,96,817,113,Not anemic
CH1796,107,878,123,Not anemic
CH1797,146,990,119,Not anemic
CH1798,140,929,115,Not anemic
CH1799,100,843,108,Mild
CH1800,80,753,112,Not anemic
CH1801,143,980,111,Not anemic
CH1802,149,1051,110,Not anemic
CH1803,108,869,121,Not anemic
CH1804,84,706,80,Moderate
CH1805,119,934,102,Mild
CH1806,108,912,116,Not anemic
CH1807,124,982,110,Not anemic
CH1808,139,946,107,Mild
CH1809,117,927,116,Not anemic
CH1810,57,797,107,Mild
CH1811,96,851,110,Not anemic
CH1812,126,905,124,Not anemic
CH1813,108,924,120,Not anemic
CH1814,109,875,109,Mild
CH1815,121,568,105,Mild
CH1816,127,952,90,Moderate
CH1817,105,837,92,Moderate
CH1818,151,1042,121,Not anemic
CH1819,127,944,121,Not anemic
CH1820,78,691,81,Moderate
CH1821,136,914,108,Mild
CH1822,132,983,91,Moderate
CH1823,107,887,110,Not anemic
CH1824,75,744,103,Mild
CH1825,121,950,105,Mild
CH1826,115,882,132,Not anemic
CH1827,84,743,99,Moderate
CH1828,146,971,124,Not anemic
CH1829,95,852,106,Mild
CH1830,68,664,98,Moderate
CH1831,107,989,109,Mild
CH1832,120,904,118,Not anemic
CH1833,107,833,104,Mild
CH1834,123,966,113,Not anemic
CH1835,71,637,111,Not anemic
CH1836,155,1004,102,Mild
CH1837,99,815,103,Mild
CH1838,129,1006,90,Moderate
CH1839,69,625,84,Moderate
CH1840,61,623,86,Moderate
CH1841,130,961,100,Mild
CH1842,91,793,103,Mild
CH1843,128,872,115,Not anemic
CH1844,148,1013,120,Not anemic
CH1845,135,961,103,Mild
CH1846,153,1006,93,Moderate
CH1847,95,742,104,Mild
CH1848,85,748,108,Mild
CH1849,98,871,109,Mild
CH1850,86,783,94,Moderate
CH1851,90,784,103,Mild
CH1852,141,1011,113,Not anemic
CH1853,140,992,123,Not anemic
CH1854,110,856,97,Moderate
CH1855,73,718,81,Moderate
CH1856,76,748,98,Moderate
CH1857,95,779,110,Not anemic
CH1858,110,942,116,Not anemic
CH1859,70,652,92,Moderate
CH1860,81,783,107,Mild
CH1861,99,866,112,Not anemic
CH1862,102,853,104,Mild
CH1863,74,693,93,Moderate
CH1864,156,1015,111,Not anemic
CH1865,170,1093,107,Mild
CH1866,102,877,98,Moderate
CH1867,87,781,106,Mild
CH1868,136,1004,87,Moderate
CH1869,81,756,107,Mild
CH1870,97,765,90,Moderate
CH1871,132,982,89,Moderate
CH1872,80,750,108,Mild
CH1873,110,,110,Not anemic
CH1874,90,830,104,Mild
CH1875,125,945,130,Not anemic
CH1876,83,809,103,Mild
CH1877,134,993,112,Not anemic
CH1878,112,900,104,Mild
CH1879,143,1003,117,Not anemic
CH1880,136,1001,107,Mild
CH1881,103,830,93,Moderate
CH1882,212,988,112,Not anemic
CH1883,132,896,100,Mild
CH1884,157,1019,109,Mild
CH1885,86,726,104,Mild
CH1886,138,977,112,Not anemic
CH1887,82,642,100,Mild
CH1888,125,884,96,Moderate
CH1889,77,656,98,Moderate
CH1890,124,915,118,Not anemic
CH1891,136,980,104,Mild
CH1892,117,693,98,Moderate
CH1893,127,898,121,Not anemic
CH1894,74,715,112,Not anemic
CH1895,125,988,99,Moderate
CH1896,109,835,108,Mild
CH1897,120,926,127,Not anemic
CH1898,68,696,91,Moderate
CH1899,88,707,88,Moderate
CH1900,84,685,108,Mild
CH1901,74,709,89,Moderate
CH1902,140,1022,112,Not anemic
CH1903,140,948,103,Mild
CH1904,113,922,91,Moderate
CH1905,114,879,91,Moderate
CH1906,70,706,99,Moderate
CH1907,132,946,112,Not anemic
CH1908,90,784,108,Mild
CH1909,90,710,88,Moderate
CH1910,70,658,86,Moderate
CH1911,124,891,102,Mild
CH1912,75,751,115,Not anemic
CH1913,92,719,73,Moderate
CH1914,134,987,110,Not anemic
CH1915,119,875,111,Not anemic
CH1916,114,919,112,Not anemic
CH1917,97,742,123,Not anemic
CH1918,129,895,127,Not anemic
CH1919,106,632,107,Mild
CH1920,69,642,99,Moderate
CH1921,137,969,121,Not anemic
CH1922,95,851,102,Mild
CH1923,142,996,90,Moderate
CH1924,118,905,113,Not anemic
CH1925,71,695,96,Moderate
CH1926,144,1005,102,Mild
CH1927,130,974,90,Moderate
CH1928,122,919,113,Not anemic
CH1929,124,899,105,Mild
CH1930,141,1014,113,Not anemic
CH1931,128,939,100,Mild
CH1932,77,685,91,Moderate
CH1933,71,694,89,Moderate
CH1934,130,992,103,Mild
CH1935,113,865,119,Not anemic
CH1936,105,887,106,Mild
CH1937,124,1011,112,Not anemic
CH1938,151,1057,112,Not anemic
CH1939,97,765,79,Moderate
CH1940,73,683,86,Moderate
CH1941,94,828,97,Moderate
CH1942,134,934,104,Mild
CH1943,113,891,117,Not anemic
CH1944,93,785,90,Moderate
CH1945,128,1016,117,Not anemic
CH1946,120,948,105,Mild
CH1947,141,1013,130,Not anemic
CH1948,88,809,116,Not anemic
CH1949,81,741,83,Moderate
CH1950,143,975,125,Not anemic
CH1951,109,820,110,Not anemic
CH1952,134,936,106,Mild
CH1953,112,893,110,Not anemic
CH1954,98,811,122,Not anemic
CH1955,142,983,113,Not anemic
CH1956,144,1026,118,Not anemic
CH1957,118,874,116,Not anemic
CH1958,82,776,110,Not anemic
CH1959,155,1148,103,Mild
CH1960,89,795,116,Not anemic
CH1961,179,1017,92,Moderate
CH1962,131,956,114,Not anemic
CH1963,106,848,119,Not anemic
CH1964,92,786,115,Not anemic
CH1965,80,754,112,Not anemic
CH1966,104,818,123,Not anemic
CH1967,141,951,118,Not anemic
CH1968,88,775,106,Mild
CH1969,81,736,104,Mild
CH1970,108,906,121,Not anemic
CH1971,123,907,107,Mild
CH1972,142,902,124,Not anemic
CH1973,71,645,100,Mild
CH1974,116,864,110,Not anemic
CH1975,109,888,108,Mild
CH1976,95,751,110,Not anemic
CH1977,68,678,92,Moderate
CH1978,62,668,104,Mild
CH1979,137,1016,119,Not anemic
CH1980,75,694,101,Mild
CH1981,123,930,119,Not anemic
CH1982,104,870,133,Not anemic
CH1983,117,895,126,Not anemic
CH1984,145,1057,120,Not anemic
CH1985,111,942,90,Moderate
CH1986,95,843,112,Not anemic
CH1987,66,627,104,Mild
CH1988,105,915,101,Mild
CH1989,113,885,126,Not anemic
CH1990,90,790,101,Mild
CH1991,117,895,120,Not anemic
CH1992,66,643,119,Not anemic
CH1993,121,926,92,Moderate
CH1994,113,890,120,Not anemic
CH1995,126,1012,113,Not anemic
CH1996,78,754,85,Moderate
CH1997,117,925,86,Moderate
CH1998,95,812,96,Moderate
CH1999,126,997,98,Moderate
CH2000,103,836,111,Not anemic
CH2001,140,971,115,Not anemic
CH2002,70,704,92,Moderate
CH2003,71,675,105,Mild
CH2004,95,806,89,Moderate
CH2005,127,975,101,Mild
CH2006,64,658,117,Not anemic
CH2007,119,910,83,Moderate
CH2008,132,965,94,Moderate
CH2009,143,976,92,Moderate
CH2010,140,1012,110,Not anemic
CH2011,113,851,128,Not anemic
CH2012,87,721,103,Mild
CH2013,141,977,103,Mild
CH2014,90,775,108,Mild
CH2015,155,1081,113,Not anemic
CH2016,66,651,111,Not anemic
CH2017,62,635,95,Moderate
CH2018,104,876,115,Not anemic
CH2019,149,881,110,Not anemic
CH2020,95,783,105,Mild
CH2021,79,714,88,Moderate
CH2022,148,1031,101,Mild
CH2023,103,807,103,Mild
CH2024,106,842,114,Not anemic
CH2025,142,1004,115,Not anemic
CH2026,119,835,107,Mild
CH2027,111,871,101,Mild
CH2028,101,865,117,Not anemic
CH2029,118,940,78,Moderate
CH2030,123,893,123,Not anemic
CH2031,57,651,85,Moderate
CH2032,103,871,113,Not anemic
CH2033,62,649,92,Moderate
CH2034,116,886,90,Moderate
CH2035,113,825,121,Not anemic
CH2036,85,710,56,Severe
CH2037,84,775,109,Mild
CH2038,64,695,115,Not anemic
CH2039,104,843,93,Moderate
CH2040,122,945,117,Not anemic
CH2041,87,803,124,Not anemic
CH2042,58,663,96,Moderate
CH2043,129,982,119,Not anemic
CH2044,92,772,111,Not anemic
CH2045,76,803,90,Moderate
CH2046,113,853,106,Mild
CH2047,112,991,115,Not anemic
CH2048,123,973,109,Mild
CH2049,93,862,111,Not anemic
CH2050,122,906,100,Mild
CH2051,105,817,74,Moderate
CH2052,223,1021,116,Not anemic
CH2053,91,756,115,Not anemic
CH2054,63,654,97,Moderate
CH2055,118,912,92,Moderate
CH2056,68,721,104,Mild
CH2057,122,1000,118,Not anemic
CH2058,123,954,126,Not anemic
CH2059,118,886,117,Not anemic
CH2060,113,949,113,Not anemic
CH2061,97,770,107,Mild
CH2062,105,846,112,Not anemic
CH2063,118,984,112,Not anemic
CH2064,85,744,110,Not anemic
CH2065,124,968,137,Not anemic
CH2066,82,674,114,Not anemic
CH2067,108,881,107,Mild
CH2068,65,675,100,Mild
CH2069,64,672,97,Moderate
CH2070,142,1029,117,Not anemic
CH2071,75,642,109,Mild
CH2072,121,937,106,Mild
CH2073,114,898,104,Mild
CH2074,109,777,115,Not anemic
CH2075,119,866,111,Not anemic
CH2076,105,904,114,Not anemic
CH2077,113,920,107,Mild
CH2078,110,909,109,Mild
CH2079,77,706,112,Not anemic
CH2080,103,863,113,Not anemic
CH2081,101,880,115,Not anemic
CH2082,114,906,119,Not anemic
CH2083,118,855,115,Not anemic
CH2084,42,610,97,Moderate
CH2085,92,802,122,Not anemic
CH2086,126,970,118,Not anemic
CH2087,107,861,106,Mild
CH2088,90,777,103,Mild
CH2089,148,1036,120,Not anemic
CH2090,72,730,103,Mild
CH2091,139,865,107,Mild
CH2092,116,927,122,Not anemic
CH2093,99,883,123,Not anemic
CH2094,106,840,104,Mild
CH2095,32,634,102,Mild
CH2096,107,841,125,Not anemic
CH2097,127,865,112,Not anemic
CH2098,103,855,120,Not anemic
CH2099,109,859,115,Not anemic
CH2100,109,845,122,Not anemic
CH2101,94,791,107,Mild
CH2102,103,836,95,Moderate
CH2103,133,1003,91,Moderate
CH2104,122,901,87,Moderate
CH2105,77,721,101,Mild
CH2106,102,916,108,Mild
CH2107,143,1024,123,Not anemic
CH2108,142,1023,126,Not anemic
CH2109,77,756,119,Not anemic
CH2110,134,973,119,Not anemic
CH2111,121,920,110,Not anemic
CH2112,74,710,98,Moderate
CH2113,126,971,124,Not anemic
CH2114,113,905,118,Not anemic
CH2115,129,948,102,Mild
CH2116,121,862,98,Moderate
CH2117,84,791,109,Mild
CH2118,162,1012,88,Moderate
CH2119,138,1004,98,Moderate
CH2120,109,866,105,Mild
CH2121,112,822,114,Not anemic
CH2122,96,,,
CH2123,63,686,87,Moderate
CH2124,102,803,106,Mild
CH2125,136,1040,119,Not anemic
CH2126,106,852,96,Moderate
CH2127,204,1083,130,Not anemic
CH2128,113,830,126,Not anemic
CH2129,86,720,91,Moderate
CH2130,95,731,89,Moderate
CH2131,121,931,115,Not anemic
CH2132,145,1010,109,Mild
CH2133,92,816,120,Not anemic
CH2134,120,900,124,Not anemic
CH2135,106,907,116,Not anemic
CH2136,122,943,112,Not anemic
CH2137,101,820,106,Mild
CH2138,106,893,108,Mild
CH2139,78,705,102,Mild
CH2140,93,810,118,Not anemic
CH2141,52,575,121,Not anemic
CH2142,132,1021,105,Mild
CH2143,135,983,107,Mild
CH2144,164,1191,109,Mild
CH2145,114,936,116,Not anemic
CH2146,172,1093,136,Not anemic
CH2147,95,792,85,Moderate
CH2148,111,860,95,Moderate
CH2149,121,955,109,Mild
CH2150,112,912,68,Severe
CH2151,67,635,95,Moderate
CH2152,88,771,69,Severe
CH2153,82,697,110,Not anemic
CH2154,146,1041,109,Mild
CH2155,86,811,115,Not anemic
CH2156,126,952,113,Not anemic
CH2157,113,933,108,Mild
CH2158,123,971,120,Not anemic
CH2159,165,1033,111,Not anemic
CH2160,75,686,105,Mild
CH2161,101,872,110,Not anemic
CH2162,72,730,117,Not anemic
CH2163,101,817,110,Not anemic
CH2164,110,877,116,Not anemic
CH2165,103,741,105,Mild
CH2166,129,942,104,Mild
CH2167,83,774,86,Moderate
CH2168,158,990,106,Mild
CH2169,77,711,92,Moderate
CH2170,89,740,103,Mild
CH2171,163,997,118,Not anemic
CH2172,149,994,103,Mild
CH2173,180,1054,110,Not anemic
CH2174,84,653,109,Mild
CH2175,152,963,104,Mild
CH2176,160,923,119,Not anemic
CH2177,98,923,101,Mild
CH2178,70,653,104,Mild
CH2179,145,916,70,Moderate
CH2180,115,897,110,Not anemic
CH2181,132,938,110,Not anemic
CH2182,90,787,98,Moderate
CH2183,148,995,122,Not anemic
CH2184,99,836,107,Mild
CH2185,178,895,100,Mild
CH2186,136,1002,105,Mild
CH2187,107,825,110,Not anemic
CH2188,86,716,105,Mild
CH2189,75,711,106,Mild
CH2190,156,1002,112,Not anemic
CH2191,71,635,108,Mild
CH2192,162,1002,106,Mild
CH2193,94,798,109,Mild
CH2194,136,1039,137,Not anemic
CH2195,120,945,110,Not anemic
CH2196,85,821,111,Not anemic
CH2197,105,797,112,Not anemic
CH2198,132,975,91,Moderate
CH2199,128,994,121,Not anemic
CH2200,102,801,88,Moderate
CH2201,66,625,115,Not anemic
CH2202,104,862,123,Not anemic
CH2203,99,878,114,Not anemic
CH2204,134,934,93,Moderate
CH2205,86,740,103,Mild
CH2206,111,844,137,Not anemic
CH2207,116,952,129,Not anemic
CH2208,52,588,107,Mild
CH2209,93,843,114,Not anemic
CH2210,110,887,137,Not anemic
CH2211,73,698,90,Moderate
CH2212,116,874,106,Mild
CH2213,109,834,111,Not anemic
CH2214,75,675,110,Not anemic
CH2215,101,859,124,Not anemic
CH2216,137,966,120,Not anemic
CH2217,68,668,102,Mild
CH2218,101,798,98,Moderate
CH2219,69,651,98,Moderate
CH2220,156,1078,122,Not anemic
CH2221,89,812,120,Not anemic
CH2222,123,931,119,Not anemic
CH2223,68,676,85,Moderate
CH2224,121,891,115,Not anemic
CH2225,123,961,122,Not anemic
CH2226,99,823,108,Mild
CH2227,106,896,102,Mild
CH2228,130,932,104,Mild
CH2229,131,996,105,Mild
CH2230,134,910,110,Not anemic
CH2231,69,679,84,Moderate
CH2232,71,645,84,Moderate
CH2233,115,955,110,Not anemic
CH2234,72,722,95,Moderate
CH2235,107,843,105,Mild
CH2236,128,990,123,Not anemic
CH2237,73,769,105,Mild
CH2238,120,930,115,Not anemic
CH2239,99,818,108,Mild
CH2240,78,805,102,Mild
CH2241,112,691,85,Moderate
CH2242,68,648,90,Moderate
CH2243,120,916,110,Not anemic
CH2244,123,897,120,Not anemic
CH2245,121,897,108,Mild
CH2246,115,846,106,Mild
CH2247,111,902,112,Not anemic
CH2248,136,943,115,Not anemic
CH2249,112,836,116,Not anemic
CH2250,52,640,107,Mild
CH2251,94,821,103,Mild
CH2252,47,636,97,Moderate
CH2253,137,998,111,Not anemic
CH2254,99,896,110,Not anemic
CH2255,90,784,83,Moderate
CH2256,100,845,125,Not anemic
CH2257,119,820,100,Mild
CH2258,92,835,99,Moderate
CH2259,105,883,118,Not anemic
CH2260,108,881,114,Not anemic
CH2261,137,923,105,Mild
CH2262,115,821,84,Moderate
CH2263,75,708,111,Not anemic
CH2264,134,992,116,Not anemic
CH2265,76,754,108,Mild
CH2266,137,905,116,Not anemic
CH2267,121,990,117,Not anemic
CH2268,80,707,89,Moderate
CH2269,87,823,111,Not anemic
CH2270,136,1021,104,Mild
CH2271,105,819,94,Moderate
CH2272,153,1031,112,Not anemic
CH2273,118,895,117,Not anemic
CH2274,83,710,66,Severe
CH2275,132,970,114,Not anemic
CH2276,123,935,111,Not anemic
CH2277,104,826,31,Severe
CH2278,73,647,99,Moderate
CH2279,115,963,118,Not anemic
CH2280,115,898,116,Not anemic
CH2281,93,795,111,Not anemic
CH2282,88,784,108,Mild
CH2283,95,781,116,Not anemic
CH2284,129,941,97,Moderate
CH2285,86,686,110,Not anemic
CH2286,92,695,106,Mild
CH2287,121,927,123,Not anemic
CH2288,65,677,114,Not anemic
CH2289,133,953,108,Mild
CH2290,119,865,107,Mild
CH2291,229,1015,117,Not anemic
CH2292,118,835,110,Not anemic
CH2293,89,705,98,Moderate
CH2294,111,889,130,Not anemic
CH2295,90,789,110,Not anemic
CH2296,159,1031,129,Not anemic
CH2297,149,979,102,Mild
CH2298,94,775,112,Not anemic
CH2299,94,781,127,Not anemic
CH2300,159,1044,138,Not anemic
CH2301,149,1001,121,Not anemic
CH2302,104,831,119,Not anemic
CH2303,119,924,115,Not anemic
CH2304,125,966,89,Moderate
CH2305,106,838,119,Not anemic
CH2306,68,658,106,Mild
CH2307,120,887,116,Not anemic
CH2308,79,763,97,Moderate
CH2309,132,985,115,Not anemic
CH2310,128,911,119,Not anemic
CH2311,91,778,112,Not anemic
CH2312,142,1046,114,Not anemic
CH2313,95,849,132,Not anemic
CH2314,121,946,114,Not anemic
CH2315,108,868,94,Moderate
CH2316,134,982,111,Not anemic
CH2317,97,791,116,Not anemic
CH2318,90,793,94,Moderate
CH2319,106,849,131,Not anemic
CH2320,58,658,111,Not anemic
CH2321,120,905,97,Moderate
CH2322,82,768,113,Not anemic
CH2323,89,784,95,Moderate
CH2324,123,968,129,Not anemic
CH2325,97,832,114,Not anemic
CH2326,107,857,95,Moderate
CH2327,91,713,72,Moderate
CH2328,120,933,116,Not anemic
CH2329,86,751,96,Moderate
CH2330,137,966,110,Not anemic
CH2331,93,810,121,Not anemic
CH2332,89,861,126,Not anemic
CH2333,166,1046,111,Not anemic
CH2334,103,837,98,Moderate
CH2335,117,875,100,Mild
CH2336,106,857,91,Moderate
CH2337,70,698,109,Mild
CH2338,69,678,109,Mild
CH2339,106,840,108,Mild
CH2340,92,812,102,Mild
CH2341,95,806,109,Mild
CH2342,122,900,109,Mild
CH2343,99,775,104,Mild
CH2344,138,921,112,Not anemic
CH2345,115,850,88,Moderate
CH2346,89,746,101,Mild
CH2347,163,1038,128,Not anemic
CH2348,100,777,108,Mild
CH2349,98,803,124,Not anemic
CH2350,95,693,104,Mild
CH2351,141,972,125,Not anemic
CH2352,101,582,62,Severe
CH2353,86,667,98,Moderate
CH2354,126,924,97,Moderate
CH2355,93,814,113,Not anemic
CH2356,94,771,102,Mild
CH2357,101,803,105,Mild
CH2358,134,942,130,Not anemic
CH2359,89,775,106,Mild
CH2360,118,878,112,Not anemic
CH2361,75,681,111,Not anemic
CH2362,126,911,112,Not anemic
CH2363,107,865,83,Moderate
CH2364,110,895,114,Not anemic
CH2365,79,831,118,Not anemic
CH2366,115,908,111,Not anemic
CH2367,76,684,108,Mild
CH2368,140,900,124,Not anemic
CH2369,107,875,112,Not anemic
CH2370,84,788,96,Moderate
CH2371,146,1011,112,Not anemic
CH2372,114,898,107,Mild
CH2373,99,860,105,Mild
CH2374,159,1056,118,Not anemic
CH2375,102,923,112,Not anemic
CH2376,111,914,112,Not anemic
CH2377,144,996,109,Mild
CH2378,103,942,122,Not anemic
CH2379,163,1037,124,Not anemic
CH2380,98,932,85,Moderate
CH2381,114,923,119,Not anemic
CH2382,146,995,82,Moderate
CH2383,104,889,116,Not anemic
CH2384,96,749,91,Moderate
CH2385,181,897,126,Not anemic
CH2386,129,982,122,Not anemic
CH2387,93,774,121,Not anemic
CH2388,121,912,115,Not anemic
CH2389,106,841,119,Not anemic
CH2390,138,1037,120,Not anemic
CH2391,98,902,106,Mild
CH2392,129,952,122,Not anemic
CH2393,104,844,123,Not anemic
CH2394,92,767,118,Not anemic
CH2395,139,1002,116,Not anemic
CH2396,131,964,112,Not anemic
CH2397,171,1057,112,Not anemic
CH2398,93,782,116,Not anemic
CH2399,142,1013,108,Mild
CH2400,102,761,108,Mild
CH2401,71,698,113,Not anemic
CH2402,92,899,113,Not anemic
CH2403,117,882,98,Moderate
CH2404,101,874,99,Moderate
CH2405,105,817,96,Moderate
CH2406,127,934,111,Not anemic
CH2407,84,692,92,Moderate
CH2408,116,904,97,Moderate
CH2409,77,726,89,Moderate
CH2410,117,896,114,Not anemic
CH2411,81,732,96,Moderate
CH2412,121,915,103,Mild
CH2413,91,716,89,Moderate
CH2414,92,786,96,Moderate
CH2415,148,982,93,Moderate
CH2416,88,762,104,Mild
CH2417,123,934,124,Not anemic
CH2418,119,582,129,Not anemic
CH2419,92,878,73,Moderate
CH2420,106,837,100,Mild
CH2421,99,852,112,Not anemic
CH2422,111,861,123,Not anemic
CH2423,78,737,112,Not anemic
CH2424,103,839,123,Not anemic
CH2425,109,858,110,Not anemic
