Region,Type of place of residence,Wealth index,Child_age_months,Childweight_kg1d,Childheight_cm1d,Sex,Hemoglobin,Anemia level,Mother_education,Birth_order
Barisal,Rural,Richer,23,11.7,861.0,Female,102.0,Mild,Secondary,1.0
Barisal,Rural,Poorer,10,7.9,692.0,Female,97.0,Moderate,Secondary,1.0
Barisal,Rural,Poorer,50,13.0,954.0,Female,128.0,Not anemic,Primary,3.0
Barisal,Rural,Middle,28,11.4,831.0,Female,121.0,Not anemic,Secondary,1.0
Barisal,Rural,Middle,47,9.5,877.0,Female,107.0,Mild,Secondary,2.0
Barisal,Rural,Poorer,29,10.3,838.0,Female,111.0,Not anemic,Secondary,1.0
Barisal,Urban,Richest,55,14.5,1021.0,Female,102.0,Mild,Higher,2.0
Barisal,Rural,Poorer,45,10.6,909.0,Female,113.0,Not anemic,Primary,1.0
Barisal,Rural,Middle,26,10.9,861.0,Female,109.0,Mild,No education,3.0
Barisal,Rural,Poorer,32,10.6,845.0,Female,97.0,Moderate,Primary,2.0
Barisal,Urban,Poorer,54,14.4,1015.0,Female,91.0,Moderate,Primary,1.0
Barisal,Rural,Middle,14,7.4,725.0,Female,85.0,Moderate,Primary,4.0
Barisal,Rural,Poorest,59,15.7,1031.0,Female,121.0,Not anemic,No education,7.0
Barisal,Rural,Middle,45,11.6,859.0,Female,131.0,Not anemic,Secondary,3.0
Barisal,Rural,Middle,33,10.0,816.0,Female,103.0,Mild,Secondary,1.0
Barisal,Rural,Middle,32,11.3,891.0,Female,117.0,Not anemic,Secondary,3.0
Barisal,Rural,Middle,38,10.1,879.0,Female,117.0,Not anemic,Higher,2.0
Barisal,Rural,Richer,42,10.2,868.0,Female,108.0,Mild,Primary,3.0
Barisal,Rural,Richer,10,5.8,641.0,Female,94.0,Moderate,Primary,8.0
Barisal,Rural,Poorer,10,7.2,666.0,Female,125.0,Not anemic,Secondary,1.0
Barisal,Rural,Middle,54,13.7,1049.0,Female,121.0,Not anemic,Primary,5.0
Barisal,Rural,Middle,58,12.7,932.0,Female,105.0,Mild,Secondary,1.0
Barisal,Urban,Poorer,13,6.8,706.0,Female,103.0,Mild,Primary,2.0
Barisal,Urban,Middle,45,11.5,942.0,Female,99.0,Moderate,Secondary,1.0
Barisal,Rural,Middle,58,12.9,995.0,Female,115.0,Not anemic,Secondary,2.0
Barisal,Rural,Richest,15,11.9,707.0,Female,98.0,Moderate,Secondary,1.0
Barisal,Rural,Poorer,31,11.2,1071.0,Female,103.0,Mild,Secondary,3.0
Barisal,Rural,Richer,27,11.4,805.0,Female,82.0,Moderate,Secondary,2.0
Barisal,Rural,Poorest,37,13.0,908.0,Female,104.0,Mild,Secondary,1.0
Barisal,Rural,Poorest,45,10.1,873.0,Female,117.0,Not anemic,Primary,2.0
Barisal,Rural,Poorer,54,13.0,916.0,Female,112.0,Not anemic,No education,5.0
Barisal,Rural,Poorer,19,9.5,788.0,Female,91.0,Moderate,No education,6.0
Barisal,Urban,Middle,21,10.6,837.0,Female,114.0,Not anemic,Secondary,2.0
Barisal,Urban,Middle,8,7.8,693.0,Female,120.0,Not anemic,Secondary,1.0
Barisal,Urban,Richer,22,9.1,767.0,Female,101.0,Mild,No education,2.0
Barisal,Urban,Poorer,48,12.3,931.0,Female,98.0,Moderate,Primary,1.0
Barisal,Urban,Poorest,16,6.4,696.0,Female,108.0,Mild,No education,1.0
Barisal,Urban,Middle,47,13.3,978.0,Female,112.0,Not anemic,Primary,2.0
Barisal,Urban,Middle,7,7.7,662.0,Female,113.0,Not anemic,Primary,3.0
Barisal,Urban,Richer,59,13.4,976.0,Female,103.0,Mild,Primary,1.0
Barisal,Urban,Richer,42,10.7,926.0,Female,105.0,Mild,Primary,1.0
Barisal,Urban,Richer,8,6.4,676.0,Female,103.0,Mild,Primary,2.0
Barisal,Urban,Richest,47,13.8,1005.0,Female,116.0,Not anemic,Higher,4.0
Barisal,Urban,Poorer,55,13.7,992.0,Female,128.0,Not anemic,Primary,3.0
Barisal,Urban,Poorer,13,6.8,681.0,Female,97.0,Moderate,Secondary,2.0
Barisal,Urban,Richer,17,8.7,742.0,Female,64.0,Severe,No education,1.0
Barisal,Urban,Richer,38,10.5,863.0,Female,100.0,Mild,Primary,1.0
Barisal,Urban,Richest,14,7.4,747.0,Female,94.0,Moderate,Higher,1.0
Barisal,Rural,Poorer,17,6.8,620.0,Female,96.0,Moderate,Primary,1.0
Barisal,Rural,Poorer,42,11.1,861.0,Female,101.0,Mild,Primary,3.0
Barisal,Urban,Richest,59,10.7,894.0,Female,100.0,Mild,Secondary,2.0
Barisal,Urban,Richest,39,12.7,888.0,Female,93.0,Moderate,Secondary,2.0
Barisal,Rural,Poorest,10,6.4,645.0,Female,108.0,Mild,No education,5.0
Barisal,Rural,Poorer,56,11.8,893.0,Female,113.0,Not anemic,Primary,5.0
Barisal,Rural,Poorer,26,7.4,764.0,Female,80.0,Moderate,Secondary,1.0
Barisal,Rural,Middle,43,12.0,869.0,Female,127.0,Not anemic,Secondary,3.0
Barisal,Urban,Middle,19,9.0,784.0,Female,105.0,Mild,Secondary,2.0
Barisal,Urban,Poorest,7,7.7,645.0,Female,120.0,Not anemic,Secondary,2.0
Barisal,Rural,Poorest,53,11.3,894.0,Female,122.0,Not anemic,Primary,1.0
Barisal,Rural,Richer,47,12.6,943.0,Female,95.0,Moderate,Secondary,1.0
Barisal,Rural,Richer,22,8.6,723.0,Female,109.0,Mild,Secondary,3.0
Barisal,Rural,Poorer,42,11.8,886.0,Female,112.0,Not anemic,Secondary,1.0
Barisal,Rural,Richer,14,8.6,761.0,Female,98.0,Moderate,Secondary,2.0
Barisal,Rural,Poorer,43,12.9,923.0,Female,114.0,Not anemic,Primary,4.0
Barisal,Rural,Middle,51,13.8,951.0,Female,105.0,Mild,Primary,1.0
Barisal,Rural,Poorest,47,10.7,821.0,Female,110.0,Not anemic,No education,6.0
Barisal,Urban,Richest,19,9.3,751.0,Female,109.0,Mild,Higher,1.0
Barisal,Rural,Poorest,57,12.6,998.0,Female,123.0,Not anemic,Primary,2.0
Barisal,Rural,Poorer,55,12.3,987.0,Female,121.0,Not anemic,Primary,3.0
Barisal,Rural,Poorest,27,9.1,793.0,Female,102.0,Mild,Primary,1.0
Barisal,Rural,Poorest,37,10.2,852.0,Female,86.0,Moderate,Primary,2.0
Barisal,Rural,Poorest,42,11.7,849.0,Female,101.0,Mild,Primary,4.0
Barisal,Rural,Poorer,8,5.8,645.0,Female,101.0,Mild,Primary,1.0
Barisal,Rural,Richer,44,12.5,785.0,Female,122.0,Not anemic,Primary,1.0
Barisal,Rural,Poorest,23,7.6,728.0,Female,93.0,Moderate,Primary,1.0
Barisal,Rural,Poorer,51,12.0,944.0,Female,127.0,Not anemic,Primary,2.0
Barisal,Rural,Poorer,34,9.5,842.0,Female,111.0,Not anemic,Primary,1.0
Barisal,Rural,Poorest,35,8.8,801.0,Female,114.0,Not anemic,No education,7.0
Barisal,Rural,Poorer,20,10.8,754.0,Female,104.0,Mild,Primary,4.0
Barisal,Rural,Middle,46,9.1,770.0,Female,95.0,Moderate,Primary,2.0
Barisal,Rural,Middle,22,8.1,712.0,Female,108.0,Mild,Secondary,4.0
Barisal,Urban,Poorest,6,7.2,642.0,Female,92.0,Moderate,Primary,1.0
Barisal,Urban,Poorest,27,10.6,833.0,Female,105.0,Mild,Primary,1.0
Barisal,Rural,Poorest,31,9.7,836.0,Female,89.0,Moderate,Primary,5.0
Barisal,Rural,Poorest,42,12.3,956.0,Female,123.0,Not anemic,Secondary,1.0
Barisal,Urban,Richer,42,11.6,954.0,Female,118.0,Not anemic,Secondary,2.0
Barisal,Rural,Middle,25,10.9,829.0,Female,119.0,Not anemic,Primary,1.0
Barisal,Rural,Richest,9,8.7,793.0,Female,98.0,Moderate,Higher,1.0
Barisal,Rural,Poorer,12,7.7,739.0,Female,98.0,Moderate,Secondary,1.0
Barisal,Rural,Middle,54,13.0,986.0,Female,90.0,Moderate,Primary,3.0
Barisal,Urban,Richest,32,12.8,890.0,Female,120.0,Not anemic,Higher,1.0
Barisal,Urban,Richer,53,12.2,995.0,Female,127.0,Not anemic,Primary,6.0
Barisal,Urban,Richer,34,9.7,880.0,Female,121.0,Not anemic,Secondary,1.0
Barisal,Rural,Poorest,58,12.5,1018.0,Female,107.0,Mild,Primary,3.0
Barisal,Rural,Middle,23,9.4,698.0,Female,108.0,Mild,Secondary,1.0
Barisal,Rural,Poorer,26,10.9,869.0,Female,112.0,Not anemic,Higher,1.0
Barisal,Rural,Poorer,27,9.6,820.0,Female,105.0,Mild,Secondary,1.0
Barisal,Rural,Richest,33,10.0,888.0,Female,100.0,Mild,Secondary,2.0
Barisal,Rural,Richest,57,18.3,1058.0,Female,120.0,Not anemic,Higher,2.0
Barisal,Rural,Richest,57,15.6,1040.0,Female,113.0,Not anemic,Higher,3.0
Barisal,Rural,Poorer,47,12.8,943.0,Female,92.0,Moderate,Secondary,1.0
Barisal,Rural,Poorer,11,7.4,714.0,Female,89.0,Moderate,Secondary,2.0
Barisal,Rural,Poorer,29,9.6,872.0,Female,106.0,Mild,Secondary,2.0
Barisal,Rural,Middle,24,8.8,774.0,Female,112.0,Not anemic,Primary,1.0
Barisal,Rural,Poorer,28,10.1,825.0,Female,99.0,Moderate,Secondary,5.0
Barisal,Urban,Richest,38,13.2,910.0,Female,106.0,Mild,Higher,2.0
Barisal,Rural,Poorer,53,10.9,920.0,Female,77.0,Moderate,Secondary,1.0
Barisal,Rural,Poorest,38,9.0,816.0,Female,121.0,Not anemic,No education,5.0
Barisal,Rural,Poorer,53,14.8,1000.0,Female,108.0,Mild,Primary,1.0
Barisal,Rural,Poorest,37,8.8,842.0,Female,113.0,Not anemic,No education,7.0
Barisal,Urban,Poorest,57,13.4,967.0,Female,120.0,Not anemic,No education,4.0
Barisal,Urban,Middle,44,12.3,943.0,Female,107.0,Mild,Primary,1.0
Barisal,Rural,Poorest,25,8.6,771.0,Female,98.0,Moderate,Secondary,2.0
Barisal,Urban,Richest,35,10.6,877.0,Female,107.0,Mild,Secondary,6.0
Barisal,Urban,Richer,55,15.0,1062.0,Female,115.0,Not anemic,Secondary,1.0
Barisal,Rural,Poorer,53,11.6,926.0,Female,100.0,Mild,Secondary,2.0
Barisal,Rural,Poorest,33,11.1,824.0,Female,101.0,Mild,Secondary,1.0
Barisal,Rural,Middle,8,6.5,632.0,Female,100.0,Mild,Secondary,6.0
Barisal,Urban,Middle,51,14.1,1042.0,Female,106.0,Mild,Secondary,3.0
Barisal,Rural,Poorest,6,7.1,669.0,Female,100.0,Mild,Secondary,2.0
Barisal,Rural,Middle,22,8.9,779.0,Female,97.0,Moderate,No education,1.0
Barisal,Urban,Poorest,14,9.7,750.0,Female,103.0,Mild,Primary,1.0
Barisal,Rural,Poorer,43,8.1,804.0,Female,105.0,Mild,No education,4.0
Barisal,Rural,Middle,6,6.2,630.0,Female,103.0,Mild,Secondary,1.0
Barisal,Rural,Middle,26,9.4,801.0,Female,106.0,Mild,Secondary,1.0
Barisal,Rural,Poorer,34,10.1,865.0,Female,106.0,Mild,Secondary,1.0
Chittagong,Rural,Poorest,46,8.2,770.0,Female,130.0,Not anemic,Primary,2.0
Chittagong,Rural,Poorest,7,5.7,663.0,Female,112.0,Not anemic,Primary,3.0
Chittagong,Rural,Poorest,35,15.2,870.0,Female,110.0,Not anemic,No education,4.0
Chittagong,Rural,Poorest,59,14.2,986.0,Female,118.0,Not anemic,No education,4.0
Chittagong,Urban,Richest,10,9.6,702.0,Female,98.0,Moderate,Higher,3.0
Chittagong,Urban,Richest,43,13.2,947.0,Female,99.0,Moderate,Secondary,2.0
Chittagong,Urban,Richer,7,9.8,1070.0,Female,97.0,Moderate,Primary,3.0
Chittagong,Rural,Middle,49,13.4,953.0,Female,98.0,Moderate,Secondary,5.0
Chittagong,Rural,Richest,19,9.2,750.0,Female,114.0,Not anemic,Secondary,1.0
Chittagong,Rural,Poorest,50,11.9,885.0,Female,100.0,Mild,Primary,5.0
Chittagong,Rural,Richer,24,8.0,768.0,Female,109.0,Mild,Primary,3.0
Chittagong,Rural,Richer,50,11.8,912.0,Female,97.0,Moderate,Secondary,1.0
Chittagong,Rural,Richer,12,7.6,687.0,Female,110.0,Not anemic,Secondary,2.0
Chittagong,Rural,Poorer,36,11.8,869.0,Female,104.0,Mild,No education,4.0
Chittagong,Urban,Middle,43,12.5,960.0,Female,117.0,Not anemic,Primary,5.0
Chittagong,Urban,Richest,46,13.5,980.0,Female,107.0,Mild,Higher,2.0
Chittagong,Rural,Richest,47,11.8,892.0,Female,131.0,Not anemic,Secondary,1.0
Chittagong,Rural,Poorest,54,9.8,957.0,Female,95.0,Moderate,Secondary,2.0
Chittagong,Rural,Poorest,56,12.7,943.0,Female,123.0,Not anemic,Primary,4.0
Chittagong,Rural,Middle,52,11.4,920.0,Female,102.0,Mild,Primary,1.0
Chittagong,Rural,Middle,39,9.7,732.0,Female,85.0,Moderate,Primary,2.0
Chittagong,Rural,Middle,14,7.0,676.0,Female,104.0,Mild,Primary,4.0
Chittagong,Rural,Poorest,7,5.7,637.0,Female,103.0,Mild,Primary,6.0
Chittagong,Rural,Middle,17,7.8,732.0,Female,89.0,Moderate,No education,1.0
Chittagong,Rural,Middle,49,12.0,920.0,Female,114.0,Not anemic,Primary,2.0
Chittagong,Rural,Middle,13,9.7,784.0,Female,98.0,Moderate,Primary,3.0
Chittagong,Rural,Richer,41,12.2,930.0,Female,113.0,Not anemic,Primary,4.0
Chittagong,Rural,Middle,32,10.5,829.0,Female,112.0,Not anemic,Primary,4.0
Chittagong,Rural,Middle,19,8.2,767.0,Female,104.0,Mild,Secondary,1.0
Chittagong,Rural,Richest,48,15.0,1030.0,Female,114.0,Not anemic,Secondary,1.0
Chittagong,Rural,Richest,24,10.3,842.0,Female,117.0,Not anemic,Secondary,2.0
Chittagong,Rural,Poorer,32,14.1,952.0,Female,121.0,Not anemic,Secondary,2.0
Chittagong,Rural,Richer,10,7.4,689.0,Female,111.0,Not anemic,Secondary,5.0
Chittagong,Urban,Richer,18,11.9,816.0,Female,109.0,Mild,Secondary,1.0
Chittagong,Urban,Poorest,37,9.9,814.0,Female,112.0,Not anemic,Primary,1.0
Chittagong,Urban,Poorest,15,7.5,716.0,Female,99.0,Moderate,Primary,2.0
Chittagong,Rural,Middle,35,11.7,846.0,Female,116.0,Not anemic,Secondary,1.0
Chittagong,Rural,Middle,13,6.9,667.0,Female,87.0,Moderate,Secondary,3.0
Chittagong,Rural,Middle,59,12.6,1071.0,Female,103.0,Mild,Secondary,2.0
Chittagong,Rural,Poorer,22,9.9,834.0,Female,110.0,Not anemic,Secondary,1.0
Chittagong,Urban,Richer,31,11.5,892.0,Female,111.0,Not anemic,Higher,2.0
Chittagong,Urban,Middle,6,6.8,650.0,Female,115.0,Not anemic,Secondary,2.0
Chittagong,Rural,Poorest,45,11.8,967.0,Female,121.0,Not anemic,No education,4.0
Chittagong,Rural,Richer,30,12.8,997.0,Female,108.0,Mild,Higher,1.0
Chittagong,Rural,Middle,21,9.6,800.0,Female,68.0,Severe,Primary,2.0
Chittagong,Urban,Richer,59,11.6,978.0,Female,100.0,Mild,No education,2.0
Chittagong,Urban,Richest,51,12.2,982.0,Female,127.0,Not anemic,Secondary,1.0
Chittagong,Urban,Middle,13,4.3,623.0,Female,88.0,Moderate,Primary,5.0
Chittagong,Urban,Richest,46,12.3,895.0,Female,121.0,Not anemic,No education,2.0
Chittagong,Urban,Richer,28,9.1,802.0,Female,89.0,Moderate,No education,1.0
Chittagong,Urban,Richer,31,10.2,861.0,Female,117.0,Not anemic,No education,3.0
Chittagong,Urban,Richest,17,8.5,746.0,Female,95.0,Moderate,Secondary,2.0
Chittagong,Urban,Richest,17,8.6,735.0,Female,103.0,Mild,Secondary,1.0
Chittagong,Urban,Richest,21,9.7,767.0,Female,100.0,Mild,Higher,1.0
Chittagong,Rural,Middle,22,8.9,772.0,Female,102.0,Mild,Secondary,1.0
Chittagong,Urban,Richest,25,10.2,829.0,Female,121.0,Not anemic,Secondary,4.0
Chittagong,Urban,Richest,37,11.9,914.0,Female,111.0,Not anemic,Primary,4.0
Chittagong,Urban,Richest,22,9.5,775.0,Female,98.0,Moderate,Higher,1.0
Chittagong,Urban,Richest,21,8.1,719.0,Female,102.0,Mild,Primary,7.0
Chittagong,Urban,Richest,46,13.2,892.0,Female,91.0,Moderate,No education,2.0
Chittagong,Urban,Richest,47,14.2,997.0,Female,114.0,Not anemic,Secondary,1.0
Chittagong,Urban,Middle,25,8.0,706.0,Female,95.0,Moderate,Primary,1.0
Chittagong,Urban,Richest,21,9.6,808.0,Female,90.0,Moderate,Secondary,2.0
Chittagong,Rural,Poorer,46,12.5,931.0,Female,92.0,Moderate,Primary,1.0
Chittagong,Rural,Poorer,18,8.0,781.0,Female,112.0,Not anemic,Primary,2.0
Chittagong,Urban,Richer,14,7.8,713.0,Female,114.0,Not anemic,Secondary,3.0
Chittagong,Urban,Richer,47,13.0,915.0,Female,109.0,Mild,Primary,2.0
Chittagong,Urban,Richer,23,8.6,758.0,Female,111.0,Not anemic,Primary,3.0
Chittagong,Urban,Richer,37,9.1,844.0,Female,114.0,Not anemic,Primary,4.0
Chittagong,Urban,Richest,6,7.1,676.0,Female,114.0,Not anemic,Higher,2.0
Chittagong,Urban,Richest,23,9.9,959.0,Female,112.0,Not anemic,Secondary,2.0
Chittagong,Rural,Middle,23,8.5,802.0,Female,105.0,Mild,Secondary,2.0
Chittagong,Urban,Richest,37,10.8,834.0,Female,110.0,Not anemic,Secondary,2.0
Chittagong,Urban,Richest,10,7.6,682.0,Female,107.0,Mild,Secondary,1.0
Chittagong,Rural,Richer,47,12.3,955.0,Female,118.0,Not anemic,Primary,7.0
Chittagong,Urban,Richer,12,7.5,692.0,Female,95.0,Moderate,Secondary,1.0
Chittagong,Urban,Middle,28,9.4,789.0,Female,115.0,Not anemic,Primary,3.0
Chittagong,Urban,Poorest,44,13.1,936.0,Female,105.0,Mild,Secondary,3.0
Chittagong,Urban,Richest,20,8.5,788.0,Female,108.0,Mild,Primary,3.0
Chittagong,Urban,Middle,26,8.0,771.0,Female,144.0,Not anemic,Primary,6.0
Chittagong,Urban,Middle,46,12.7,997.0,Female,131.0,Not anemic,No education,5.0
Chittagong,Rural,Middle,25,9.6,831.0,Female,109.0,Mild,Secondary,1.0
Chittagong,Rural,Richer,35,10.7,896.0,Female,136.0,Not anemic,Higher,2.0
Chittagong,Rural,Poorer,46,11.8,917.0,Female,134.0,Not anemic,Secondary,1.0
Chittagong,Rural,Richer,9,10.2,730.0,Female,88.0,Moderate,Secondary,1.0
Chittagong,Rural,Richer,12,8.1,726.0,Female,98.0,Moderate,Secondary,1.0
Chittagong,Urban,Richest,42,11.9,892.0,Female,123.0,Not anemic,Secondary,3.0
Chittagong,Urban,Richest,9,6.9,656.0,Female,117.0,Not anemic,Secondary,3.0
Chittagong,Rural,Middle,35,9.9,844.0,Female,119.0,Not anemic,Primary,1.0
Chittagong,Urban,Richest,35,12.7,953.0,Female,111.0,Not anemic,Secondary,1.0
Chittagong,Urban,Middle,13,8.2,711.0,Female,114.0,Not anemic,Secondary,2.0
Chittagong,Urban,Richer,34,9.2,729.0,Female,98.0,Moderate,Primary,2.0
Chittagong,Urban,Richer,28,9.4,823.0,Female,120.0,Not anemic,Secondary,2.0
Chittagong,Urban,Richer,50,12.9,957.0,Female,101.0,Mild,Secondary,1.0
Chittagong,Rural,Poorer,52,11.9,845.0,Female,112.0,Not anemic,Primary,5.0
Chittagong,Rural,Poorest,51,12.2,954.0,Female,113.0,Not anemic,Primary,2.0
Chittagong,Rural,Richest,14,7.4,706.0,Female,89.0,Moderate,Primary,3.0
Chittagong,Rural,Middle,9,6.2,671.0,Female,121.0,Not anemic,Secondary,2.0
Chittagong,Urban,Middle,44,11.1,905.0,Female,101.0,Mild,Secondary,1.0
Chittagong,Rural,Middle,16,6.8,678.0,Female,105.0,Mild,Secondary,2.0
Chittagong,Rural,Middle,50,12.8,955.0,Female,128.0,Not anemic,Secondary,1.0
Chittagong,Rural,Richer,40,10.3,837.0,Female,96.0,Moderate,Secondary,2.0
Chittagong,Rural,Richest,10,6.4,653.0,Female,95.0,Moderate,Higher,3.0
Chittagong,Rural,Richer,15,8.6,733.0,Female,90.0,Moderate,Secondary,3.0
Chittagong,Rural,Richest,46,12.7,894.0,Female,115.0,Not anemic,Secondary,3.0
Chittagong,Rural,Poorer,28,11.0,845.0,Female,101.0,Mild,Secondary,2.0
Chittagong,Rural,Poorer,9,6.2,651.0,Female,98.0,Moderate,Secondary,3.0
Chittagong,Rural,Richer,46,10.9,893.0,Female,109.0,Mild,Primary,1.0
Chittagong,Urban,Richest,27,9.4,883.0,Female,110.0,Not anemic,Secondary,3.0
Chittagong,Urban,Richest,12,9.1,729.0,Female,112.0,Not anemic,Secondary,1.0
Chittagong,Rural,Richer,20,7.8,776.0,Female,107.0,Mild,Secondary,2.0
Chittagong,Rural,Richer,58,12.5,974.0,Female,124.0,Not anemic,Secondary,2.0
Chittagong,Rural,Poorer,10,5.9,670.0,Female,89.0,Moderate,Primary,4.0
Chittagong,Urban,Richer,38,10.3,867.0,Female,108.0,Mild,Primary,1.0
Chittagong,Urban,Richer,16,9.7,722.0,Female,108.0,Mild,Primary,2.0
Chittagong,Urban,Richer,7,6.6,628.0,Female,110.0,Not anemic,Secondary,4.0
Chittagong,Rural,Poorer,47,14.2,862.0,Female,123.0,Not anemic,Secondary,1.0
Chittagong,Rural,Middle,30,10.5,847.0,Female,110.0,Not anemic,Secondary,1.0
Chittagong,Rural,Richer,24,9.1,795.0,Female,99.0,Moderate,Higher,1.0
Chittagong,Rural,Poorest,14,8.3,718.0,Female,93.0,Moderate,Primary,4.0
Chittagong,Rural,Middle,6,8.7,651.0,Female,72.0,Moderate,Secondary,1.0
Chittagong,Rural,Richer,27,12.4,870.0,Female,89.0,Moderate,Secondary,1.0
Chittagong,Rural,Poorer,18,9.3,825.0,Female,99.0,Moderate,Secondary,1.0
Chittagong,Urban,Middle,56,13.3,930.0,Female,117.0,Not anemic,Primary,2.0
Chittagong,Urban,Middle,19,7.2,751.0,Female,99.0,Moderate,Primary,2.0
Chittagong,Rural,Poorer,44,9.8,877.0,Female,119.0,Not anemic,Secondary,2.0
Chittagong,Rural,Poorer,55,12.5,994.0,Female,100.0,Mild,No education,1.0
Chittagong,Rural,Middle,9,6.6,666.0,Female,102.0,Mild,Secondary,2.0
Chittagong,Rural,Poorer,8,6.9,693.0,Female,113.0,Not anemic,Primary,1.0
Chittagong,Rural,Poorest,44,9.4,891.0,Female,118.0,Not anemic,Secondary,3.0
Chittagong,Rural,Poorest,55,13.8,943.0,Female,114.0,Not anemic,No education,2.0
Chittagong,Rural,Middle,57,13.4,1038.0,Female,137.0,Not anemic,Higher,2.0
Chittagong,Rural,Middle,22,8.4,768.0,Female,117.0,Not anemic,Higher,3.0
Chittagong,Rural,Middle,22,7.6,754.0,Female,120.0,Not anemic,Higher,4.0
Chittagong,Urban,Richer,46,15.5,952.0,Female,124.0,Not anemic,Primary,4.0
Chittagong,Urban,Poorer,57,12.2,988.0,Female,108.0,Mild,Primary,9.0
Chittagong,Urban,Poorer,50,11.0,867.0,Female,117.0,Not anemic,No education,5.0
Chittagong,Rural,Richer,57,14.4,1015.0,Female,125.0,Not anemic,Primary,3.0
Chittagong,Rural,Poorest,24,6.1,695.0,Female,117.0,Not anemic,Secondary,1.0
Chittagong,Rural,Poorer,38,12.9,925.0,Female,114.0,Not anemic,Secondary,1.0
Chittagong,Rural,Poorer,38,9.8,850.0,Female,111.0,Not anemic,No education,3.0
Chittagong,Rural,Poorer,51,11.8,930.0,Female,125.0,Not anemic,No education,6.0
Chittagong,Rural,Poorest,25,10.2,820.0,Female,104.0,Mild,No education,4.0
Chittagong,Rural,Poorest,25,12.4,880.0,Female,113.0,Not anemic,No education,2.0
Chittagong,Rural,Poorest,10,7.5,730.0,Female,109.0,Mild,No education,3.0
Chittagong,Rural,Poorest,23,9.2,759.0,Female,112.0,Not anemic,Primary,2.0
Chittagong,Rural,Poorest,36,10.6,850.0,Female,112.0,Not anemic,Primary,5.0
Chittagong,Rural,Richer,53,13.0,989.0,Female,135.0,Not anemic,Secondary,1.0
Chittagong,Rural,Richer,44,11.2,931.0,Female,141.0,Not anemic,No education,8.0
Chittagong,Rural,Poorest,28,9.4,785.0,Female,113.0,Not anemic,No education,7.0
Chittagong,Urban,Richer,23,9.3,784.0,Female,109.0,Mild,Secondary,2.0
Chittagong,Urban,Richest,43,14.0,989.0,Female,114.0,Not anemic,Secondary,4.0
Chittagong,Rural,Poorer,17,7.5,713.0,Female,92.0,Moderate,Secondary,3.0
Chittagong,Rural,Poorest,41,11.1,866.0,Female,95.0,Moderate,No education,5.0
Chittagong,Rural,Middle,8,7.4,664.0,Female,113.0,Not anemic,Secondary,2.0
Chittagong,Rural,Richer,11,7.7,715.0,Female,115.0,Not anemic,Secondary,2.0
Chittagong,Urban,Richer,31,11.6,848.0,Female,124.0,Not anemic,Secondary,1.0
Chittagong,Urban,Richest,24,9.2,644.0,Female,116.0,Not anemic,Secondary,4.0
Chittagong,Rural,Middle,46,12.0,946.0,Female,126.0,Not anemic,Secondary,1.0
Chittagong,Rural,Poorest,49,13.2,966.0,Female,107.0,Mild,No education,2.0
Chittagong,Rural,Poorest,30,10.0,861.0,Female,125.0,Not anemic,Primary,1.0
Chittagong,Rural,Poorest,29,8.1,742.0,Female,105.0,Mild,Primary,1.0
Chittagong,Urban,Richer,34,9.1,842.0,Female,114.0,Not anemic,Secondary,2.0
Chittagong,Rural,Middle,45,11.5,867.0,Female,110.0,Not anemic,Secondary,2.0
Chittagong,Rural,Middle,12,8.3,702.0,Female,104.0,Mild,Secondary,1.0
Chittagong,Rural,Richer,43,12.9,934.0,Female,121.0,Not anemic,Secondary,2.0
Chittagong,Rural,Richer,11,8.3,735.0,Female,99.0,Moderate,Secondary,3.0
Chittagong,Rural,Richest,52,13.5,934.0,Female,113.0,Not anemic,Secondary,1.0
Chittagong,Rural,Richest,11,7.5,710.0,Female,116.0,Not anemic,Secondary,1.0
Chittagong,Rural,Poorer,33,12.3,902.0,Female,113.0,Not anemic,Secondary,1.0
Chittagong,Rural,Middle,35,11.2,815.0,Female,118.0,Not anemic,Secondary,1.0
Chittagong,Rural,Richer,43,10.9,860.0,Female,118.0,Not anemic,Secondary,1.0
Chittagong,Urban,Poorest,9,5.9,617.0,Female,106.0,Mild,Secondary,1.0
Chittagong,Urban,Poorer,46,13.7,943.0,Female,110.0,Not anemic,Secondary,3.0
Chittagong,Urban,Richer,40,10.4,884.0,Female,106.0,Mild,Secondary,1.0
Chittagong,Urban,Poorer,10,9.5,714.0,Female,60.0,Severe,Primary,2.0
Chittagong,Rural,Poorer,33,11.2,866.0,Female,102.0,Mild,Primary,3.0
Chittagong,Rural,Richest,51,15.9,1050.0,Female,129.0,Not anemic,Secondary,1.0
Chittagong,Rural,Richest,30,10.4,830.0,Female,105.0,Mild,Secondary,2.0
Chittagong,Rural,Poorer,29,12.8,903.0,Female,118.0,Not anemic,Secondary,1.0
Chittagong,Rural,Middle,39,13.9,923.0,Female,93.0,Moderate,Primary,2.0
Chittagong,Rural,Richer,18,10.3,767.0,Female,110.0,Not anemic,Secondary,5.0
Chittagong,Rural,Middle,54,15.5,983.0,Female,111.0,Not anemic,Secondary,2.0
Chittagong,Rural,Middle,35,9.8,852.0,Female,125.0,Not anemic,Secondary,3.0
Chittagong,Urban,Poorer,10,7.7,662.0,Female,100.0,Mild,Primary,1.0
Chittagong,Urban,Poorer,34,9.8,801.0,Female,111.0,Not anemic,Secondary,1.0
Chittagong,Urban,Poorer,22,8.1,716.0,Female,95.0,Moderate,Secondary,2.0
Chittagong,Urban,Poorest,50,11.9,876.0,Female,100.0,Mild,Primary,4.0
Chittagong,Rural,Poorest,42,13.4,954.0,Female,93.0,Moderate,No education,8.0
Chittagong,Rural,Poorer,27,7.8,761.0,Female,103.0,Mild,Primary,1.0
Chittagong,Rural,Poorer,57,10.9,945.0,Female,98.0,Moderate,Primary,2.0
Chittagong,Rural,Middle,51,13.3,968.0,Female,97.0,Moderate,Primary,2.0
Chittagong,Rural,Poorest,47,10.8,876.0,Female,116.0,Not anemic,Primary,2.0
Chittagong,Rural,Poorer,7,6.1,640.0,Female,117.0,Not anemic,Secondary,1.0
Chittagong,Rural,Richer,12,7.4,725.0,Female,104.0,Mild,Secondary,1.0
Chittagong,Rural,Richer,33,10.0,846.0,Female,110.0,Not anemic,Secondary,1.0
Chittagong,Rural,Middle,58,11.7,967.0,Female,109.0,Mild,Secondary,1.0
Chittagong,Rural,Middle,19,8.7,754.0,Female,104.0,Mild,Secondary,2.0
Chittagong,Rural,Richer,22,9.0,788.0,Female,102.0,Mild,Secondary,1.0
Chittagong,Rural,Richest,12,8.2,704.0,Female,98.0,Moderate,Secondary,3.0
Chittagong,Rural,Richest,44,12.2,950.0,Female,106.0,Mild,Secondary,1.0
Chittagong,Rural,Richest,13,7.9,740.0,Female,102.0,Mild,Secondary,2.0
Chittagong,Rural,Richer,9,6.9,675.0,Female,112.0,Not anemic,Secondary,3.0
Chittagong,Rural,Poorest,14,8.5,724.0,Female,76.0,Moderate,Secondary,3.0
Chittagong,Rural,Richer,43,13.0,944.0,Female,114.0,Not anemic,Secondary,3.0
Chittagong,Rural,Poorest,52,12.1,949.0,Female,105.0,Mild,Secondary,1.0
Chittagong,Rural,Poorest,18,7.4,717.0,Female,94.0,Moderate,Secondary,2.0
Chittagong,Rural,Poorest,13,7.7,747.0,Female,105.0,Mild,Primary,1.0
Chittagong,Rural,Poorest,56,12.1,950.0,Female,103.0,Mild,No education,2.0
Chittagong,Rural,Poorer,41,11.1,871.0,Female,104.0,Mild,Primary,7.0
Chittagong,Rural,Poorest,28,8.6,749.0,Female,92.0,Moderate,No education,9.0
Chittagong,Urban,Richest,49,13.4,977.0,Female,117.0,Not anemic,Secondary,3.0
Chittagong,Urban,Richest,44,14.5,988.0,Female,89.0,Moderate,Secondary,3.0
Chittagong,Urban,Richest,17,10.4,771.0,Female,125.0,Not anemic,Secondary,4.0
Chittagong,Urban,Richest,36,12.6,911.0,Female,107.0,Mild,Secondary,1.0
Chittagong,Urban,Richer,30,9.4,764.0,Female,114.0,Not anemic,Secondary,3.0
Chittagong,Rural,Poorest,43,12.4,905.0,Female,93.0,Moderate,Secondary,3.0
Chittagong,Rural,Poorest,21,11.1,884.0,Female,121.0,Not anemic,No education,3.0
Dhaka,Urban,Richest,56,16.1,1017.0,Female,128.0,Not anemic,Higher,1.0
Dhaka,Urban,Richest,39,13.4,941.0,Female,121.0,Not anemic,Higher,1.0
Dhaka,Urban,Richest,6,6.8,601.0,Female,106.0,Mild,Secondary,1.0
Dhaka,Urban,Richest,36,11.2,850.0,Female,102.0,Mild,Secondary,3.0
Dhaka,Urban,Richest,48,11.6,963.0,Female,92.0,Moderate,Secondary,3.0
Dhaka,Urban,Richest,14,10.1,813.0,Female,116.0,Not anemic,Secondary,2.0
Dhaka,Urban,Richest,37,11.8,885.0,Female,105.0,Mild,Secondary,2.0
Dhaka,Rural,Poorest,11,9.3,692.0,Female,114.0,Not anemic,No education,6.0
Dhaka,Rural,Poorer,51,13.4,941.0,Female,108.0,Mild,Secondary,3.0
Dhaka,Rural,Poorer,8,7.5,696.0,Female,112.0,Not anemic,Secondary,4.0
Dhaka,Urban,Richest,49,13.0,924.0,Female,117.0,Not anemic,Secondary,2.0
Dhaka,Urban,Richest,47,13.9,980.0,Female,104.0,Mild,Secondary,1.0
Dhaka,Urban,Richest,40,10.9,891.0,Female,120.0,Not anemic,Primary,1.0
Dhaka,Urban,Richer,47,12.7,1005.0,Female,123.0,Not anemic,Primary,2.0
Dhaka,Urban,Richest,50,11.8,997.0,Female,109.0,Mild,Secondary,2.0
Dhaka,Urban,Richest,17,11.7,797.0,Female,115.0,Not anemic,Higher,2.0
Dhaka,Urban,Richest,7,8.8,711.0,Female,116.0,Not anemic,Secondary,3.0
Dhaka,Urban,Richest,34,8.3,787.0,Female,64.0,Severe,Secondary,1.0
Dhaka,Urban,Richest,30,11.7,847.0,Female,107.0,Mild,Secondary,1.0
Dhaka,Urban,Richer,46,12.1,918.0,Female,101.0,Mild,No education,4.0
Dhaka,Urban,Richest,7,9.6,684.0,Female,80.0,Moderate,Higher,1.0
Dhaka,Urban,Richest,40,13.4,954.0,Female,91.0,Moderate,Secondary,1.0
Dhaka,Rural,Richer,49,14.4,982.0,Female,121.0,Not anemic,No education,2.0
Dhaka,Rural,Richest,7,6.9,662.0,Female,111.0,Not anemic,Secondary,3.0
Dhaka,Urban,Richest,14,10.5,821.0,Female,106.0,Mild,Higher,2.0
Dhaka,Urban,Richest,16,12.1,792.0,Female,136.0,Not anemic,Higher,2.0
Dhaka,Urban,Richest,12,8.6,732.0,Female,119.0,Not anemic,Higher,1.0
Dhaka,Urban,Richest,26,9.6,862.0,Female,118.0,Not anemic,Secondary,1.0
Dhaka,Urban,Richer,54,10.9,928.0,Female,117.0,Not anemic,Secondary,1.0
Dhaka,Urban,Richest,29,10.1,849.0,Female,127.0,Not anemic,Secondary,1.0
Dhaka,Urban,Richer,50,12.1,873.0,Female,124.0,Not anemic,No education,4.0
Dhaka,Urban,Richest,49,14.2,944.0,Female,125.0,Not anemic,Higher,1.0
Dhaka,Urban,Richest,53,14.5,1013.0,Female,123.0,Not anemic,Higher,1.0
Dhaka,Urban,Richest,15,9.6,751.0,Female,77.0,Moderate,No education,1.0
Dhaka,Rural,Poorest,48,13.2,954.0,Female,102.0,Mild,Primary,3.0
Dhaka,Rural,Poorest,7,6.4,633.0,Female,114.0,Not anemic,Primary,4.0
Dhaka,Rural,Poorest,21,9.6,815.0,Female,110.0,Not anemic,Primary,2.0
Dhaka,Rural,Poorest,24,8.6,795.0,Female,107.0,Mild,No education,4.0
Dhaka,Urban,Richer,43,14.0,973.0,Female,114.0,Not anemic,Higher,2.0
Dhaka,Urban,Richest,23,10.3,815.0,Female,104.0,Mild,Higher,1.0
Dhaka,Urban,Richest,30,10.5,892.0,Female,103.0,Mild,Primary,1.0
Dhaka,Urban,Middle,6,8.5,645.0,Female,116.0,Not anemic,Secondary,2.0
Dhaka,Rural,Poorer,25,8.6,782.0,Female,130.0,Not anemic,Secondary,1.0
Dhaka,Rural,Richer,10,8.5,729.0,Female,93.0,Moderate,Higher,1.0
Dhaka,Rural,Richest,30,9.6,801.0,Female,120.0,Not anemic,Secondary,2.0
Dhaka,Rural,Poorest,23,8.0,797.0,Female,110.0,Not anemic,Secondary,2.0
Dhaka,Rural,Middle,44,10.2,955.0,Female,124.0,Not anemic,Secondary,5.0
Dhaka,Rural,Poorest,52,13.6,984.0,Female,102.0,Mild,Primary,1.0
Dhaka,Rural,Richest,13,9.4,728.0,Female,109.0,Mild,Secondary,1.0
Dhaka,Urban,Richer,9,8.3,685.0,Female,106.0,Mild,Primary,5.0
Dhaka,Urban,Richer,45,17.8,1053.0,Female,123.0,Not anemic,Secondary,2.0
Dhaka,Urban,Middle,12,8.0,720.0,Female,89.0,Moderate,Primary,2.0
Dhaka,Urban,Poorest,35,10.0,868.0,Female,115.0,Not anemic,No education,5.0
Dhaka,Rural,Poorer,18,6.3,696.0,Female,110.0,Not anemic,No education,3.0
Dhaka,Rural,Poorest,48,15.7,1079.0,Female,111.0,Not anemic,No education,4.0
Dhaka,Rural,Poorest,30,9.6,819.0,Female,117.0,Not anemic,No education,5.0
Dhaka,Rural,Poorest,39,9.0,824.0,Female,92.0,Moderate,No education,6.0
Dhaka,Rural,Richer,58,13.3,1040.0,Female,130.0,Not anemic,Secondary,2.0
Dhaka,Rural,Poorest,41,10.6,884.0,Female,112.0,Not anemic,No education,4.0
Dhaka,Rural,Poorest,45,13.4,942.0,Female,97.0,Moderate,Primary,4.0
Dhaka,Rural,Middle,40,12.0,895.0,Female,106.0,Mild,Secondary,1.0
Dhaka,Rural,Poorest,18,8.7,752.0,Female,93.0,Moderate,Secondary,2.0
Dhaka,Rural,Poorest,48,12.3,918.0,Female,92.0,Moderate,Primary,2.0
Dhaka,Rural,Poorest,43,10.4,949.0,Female,111.0,Not anemic,No education,4.0
Dhaka,Urban,Poorer,42,9.5,838.0,Female,104.0,Mild,Primary,4.0
Dhaka,Urban,Richer,54,12.8,959.0,Female,114.0,Not anemic,No education,1.0
Dhaka,Urban,Richer,43,12.7,901.0,Female,103.0,Mild,Primary,2.0
Dhaka,Rural,Poorer,54,11.6,909.0,Female,103.0,Mild,Primary,4.0
Dhaka,Rural,Poorest,47,11.1,914.0,Female,124.0,Not anemic,Primary,2.0
Dhaka,Rural,Poorer,36,9.3,819.0,Female,113.0,Not anemic,Primary,2.0
Dhaka,Rural,Poorest,58,11.6,945.0,Female,112.0,Not anemic,No education,2.0
Dhaka,Rural,Poorest,58,14.3,1053.0,Female,111.0,Not anemic,Secondary,4.0
Dhaka,Rural,Richer,13,7.1,681.0,Female,100.0,Mild,Secondary,4.0
Dhaka,Rural,Poorest,57,11.5,957.0,Female,106.0,Mild,No education,3.0
Dhaka,Rural,Poorer,36,9.7,823.0,Female,110.0,Not anemic,No education,2.0
Dhaka,Rural,Poorer,44,9.4,818.0,Female,110.0,Not anemic,No education,4.0
Dhaka,Rural,Poorer,23,8.0,769.0,Female,97.0,Moderate,No education,5.0
Dhaka,Rural,Richer,44,12.4,927.0,Female,105.0,Mild,No education,3.0
Dhaka,Rural,Poorest,57,13.1,1012.0,Female,103.0,Mild,Primary,5.0
Dhaka,Rural,Poorer,59,12.4,1006.0,Female,96.0,Moderate,No education,2.0
Dhaka,Rural,Richer,41,11.8,902.0,Female,104.0,Mild,Secondary,2.0
Dhaka,Rural,Richer,24,9.7,805.0,Female,125.0,Not anemic,Higher,1.0
Dhaka,Rural,Poorer,13,6.9,709.0,Female,106.0,Mild,Secondary,1.0
Dhaka,Rural,Middle,52,14.4,977.0,Female,102.0,Mild,Secondary,2.0
Dhaka,Rural,Poorest,44,11.2,891.0,Female,122.0,Not anemic,Secondary,2.0
Dhaka,Rural,Richer,34,11.5,878.0,Female,124.0,Not anemic,Secondary,1.0
Dhaka,Rural,Richer,16,9.8,696.0,Female,104.0,Mild,Primary,3.0
Dhaka,Rural,Richer,45,10.4,901.0,Female,123.0,Not anemic,Secondary,1.0
Dhaka,Urban,Middle,43,11.1,900.0,Female,109.0,Mild,Primary,1.0
Dhaka,Urban,Poorer,32,11.7,892.0,Female,109.0,Mild,Secondary,1.0
Dhaka,Rural,Poorer,33,10.2,878.0,Female,105.0,Mild,Primary,3.0
Dhaka,Rural,Poorer,19,9.2,783.0,Female,101.0,Mild,Primary,4.0
Dhaka,Rural,Poorer,26,9.9,823.0,Female,103.0,Mild,Secondary,2.0
Dhaka,Rural,Poorest,58,14.4,1020.0,Female,88.0,Moderate,No education,4.0
Dhaka,Rural,Richer,17,7.7,723.0,Female,90.0,Moderate,Secondary,2.0
Dhaka,Rural,Richer,51,15.3,1030.0,Female,120.0,Not anemic,Primary,2.0
Dhaka,Rural,Poorest,31,13.1,885.0,Female,117.0,Not anemic,Secondary,4.0
Dhaka,Rural,Middle,7,6.3,677.0,Female,110.0,Not anemic,Secondary,1.0
Dhaka,Rural,Poorest,47,10.3,872.0,Female,127.0,Not anemic,Primary,4.0
Dhaka,Rural,Poorest,22,7.8,752.0,Female,108.0,Mild,Primary,5.0
Dhaka,Rural,Poorer,7,6.5,643.0,Female,88.0,Moderate,Primary,3.0
Dhaka,Rural,Poorer,55,11.5,952.0,Female,103.0,Mild,Primary,4.0
Dhaka,Rural,Middle,55,14.0,942.0,Female,112.0,Not anemic,Primary,2.0
Dhaka,Rural,Poorer,42,13.0,877.0,Female,93.0,Moderate,Primary,2.0
Dhaka,Urban,Richest,23,10.6,892.0,Female,111.0,Not anemic,Primary,2.0
Dhaka,Urban,Poorest,34,11.0,894.0,Female,107.0,Mild,No education,4.0
Dhaka,Rural,Poorer,34,13.6,925.0,Female,111.0,Not anemic,No education,5.0
Dhaka,Rural,Poorest,54,14.3,1011.0,Female,118.0,Not anemic,No education,1.0
Dhaka,Rural,Poorest,14,7.6,705.0,Female,94.0,Moderate,No education,2.0
Dhaka,Rural,Poorest,29,9.0,806.0,Female,106.0,Mild,Primary,5.0
Dhaka,Rural,Poorest,34,9.6,859.0,Female,83.0,Moderate,Primary,2.0
Dhaka,Rural,Poorer,58,12.4,973.0,Female,104.0,Mild,Primary,5.0
Dhaka,Rural,Poorer,17,7.1,722.0,Female,89.0,Moderate,Primary,6.0
Dhaka,Rural,Poorest,55,13.2,962.0,Female,105.0,Mild,Primary,4.0
Dhaka,Rural,Poorer,11,4.8,679.0,Female,93.0,Moderate,Secondary,3.0
Dhaka,Rural,Poorer,10,7.2,731.0,Female,86.0,Moderate,Primary,3.0
Dhaka,Rural,Poorer,36,12.2,902.0,Female,123.0,Not anemic,Secondary,2.0
Dhaka,Rural,Poorer,22,9.1,773.0,Female,111.0,Not anemic,Secondary,3.0
Dhaka,Rural,Poorer,34,12.8,907.0,Female,108.0,Mild,Primary,1.0
Dhaka,Rural,Poorer,52,12.2,941.0,Female,113.0,Not anemic,Primary,1.0
Dhaka,Rural,Middle,53,12.2,956.0,Female,127.0,Not anemic,No education,6.0
Dhaka,Rural,Middle,31,10.6,818.0,Female,113.0,Not anemic,Primary,2.0
Dhaka,Rural,Poorer,8,6.0,642.0,Female,47.0,Severe,Primary,8.0
Dhaka,Urban,Richer,38,18.7,1010.0,Female,112.0,Not anemic,No education,3.0
Dhaka,Urban,Richer,51,11.6,939.0,Female,126.0,Not anemic,No education,5.0
Dhaka,Urban,Richest,27,8.5,782.0,Female,84.0,Moderate,Primary,4.0
Dhaka,Urban,Richest,11,8.8,722.0,Female,109.0,Mild,Secondary,1.0
Dhaka,Urban,Richer,41,12.1,938.0,Female,115.0,Not anemic,Primary,3.0
Dhaka,Urban,Richest,14,10.6,756.0,Female,113.0,Not anemic,Secondary,2.0
Dhaka,Urban,Richest,18,8.6,792.0,Female,116.0,Not anemic,Secondary,2.0
Dhaka,Rural,Poorest,42,8.6,970.0,Female,110.0,Not anemic,No education,1.0
Dhaka,Rural,Poorest,9,6.3,618.0,Female,112.0,Not anemic,No education,2.0
Dhaka,Rural,Richer,39,10.3,890.0,Female,105.0,Mild,Primary,5.0
Dhaka,Rural,Richer,14,9.2,745.0,Female,117.0,Not anemic,Primary,6.0
Dhaka,Rural,Poorest,55,13.2,995.0,Female,111.0,Not anemic,No education,4.0
Dhaka,Rural,Middle,15,8.2,742.0,Female,88.0,Moderate,Secondary,3.0
Dhaka,Rural,Middle,17,9.6,752.0,Female,98.0,Moderate,Secondary,4.0
Dhaka,Rural,Poorest,57,11.4,927.0,Female,102.0,Mild,No education,2.0
Dhaka,Rural,Richest,32,10.1,825.0,Female,112.0,Not anemic,Higher,2.0
Dhaka,Rural,Poorest,54,13.1,1010.0,Female,95.0,Moderate,No education,6.0
Dhaka,Rural,Poorest,21,6.7,752.0,Female,94.0,Moderate,No education,7.0
Dhaka,Rural,Poorest,59,12.6,986.0,Female,122.0,Not anemic,Primary,1.0
Dhaka,Rural,Middle,22,9.7,771.0,Female,120.0,Not anemic,Higher,2.0
Dhaka,Rural,Poorer,41,11.4,850.0,Female,113.0,Not anemic,Primary,7.0
Dhaka,Rural,Poorest,34,10.4,854.0,Female,111.0,Not anemic,Primary,4.0
Dhaka,Rural,Poorest,54,12.4,935.0,Female,113.0,Not anemic,Primary,2.0
Dhaka,Rural,Poorest,13,8.2,709.0,Female,111.0,Not anemic,Primary,3.0
Dhaka,Urban,Richer,55,14.3,927.0,Female,115.0,Not anemic,Primary,6.0
Dhaka,Urban,Middle,36,11.0,915.0,Female,132.0,Not anemic,No education,3.0
Dhaka,Urban,Richest,37,12.7,912.0,Female,107.0,Mild,Secondary,1.0
Dhaka,Rural,Poorer,29,11.5,815.0,Female,99.0,Moderate,Secondary,2.0
Dhaka,Rural,Poorer,59,14.0,1008.0,Female,106.0,Mild,Primary,1.0
Dhaka,Rural,Poorer,27,10.1,858.0,Female,107.0,Mild,Primary,2.0
Dhaka,Rural,Poorest,25,9.6,784.0,Female,113.0,Not anemic,Primary,2.0
Dhaka,Rural,Richer,42,12.5,892.0,Female,100.0,Mild,Secondary,1.0
Dhaka,Rural,Poorest,24,9.4,817.0,Female,93.0,Moderate,Primary,1.0
Dhaka,Rural,Poorest,50,11.5,920.0,Female,123.0,Not anemic,Secondary,3.0
Dhaka,Rural,Poorer,14,7.0,672.0,Female,86.0,Moderate,Secondary,1.0
Dhaka,Rural,Poorest,42,10.9,841.0,Female,102.0,Mild,Secondary,5.0
Dhaka,Rural,Poorest,21,8.7,734.0,Female,100.0,Mild,Secondary,6.0
Dhaka,Urban,Richer,39,11.6,866.0,Female,122.0,Not anemic,Secondary,1.0
Dhaka,Urban,Middle,50,11.4,932.0,Female,121.0,Not anemic,No education,2.0
Dhaka,Urban,Middle,45,9.4,868.0,Female,108.0,Mild,Primary,2.0
Dhaka,Rural,Middle,30,10.8,891.0,Female,112.0,Not anemic,Secondary,1.0
Dhaka,Rural,Poorest,37,11.8,878.0,Female,94.0,Moderate,Primary,4.0
Dhaka,Rural,Richer,38,12.7,930.0,Female,106.0,Mild,Higher,1.0
Dhaka,Rural,Middle,8,7.6,701.0,Female,105.0,Mild,Primary,1.0
Dhaka,Rural,Richer,8,7.2,661.0,Female,96.0,Moderate,Secondary,1.0
Dhaka,Rural,Richer,50,13.4,946.0,Female,116.0,Not anemic,Primary,4.0
Dhaka,Rural,Richer,55,12.0,966.0,Female,118.0,Not anemic,Secondary,1.0
Dhaka,Rural,Poorer,39,12.9,991.0,Female,114.0,Not anemic,No education,2.0
Dhaka,Rural,Middle,10,8.7,718.0,Female,108.0,Mild,No education,1.0
Dhaka,Rural,Richer,29,11.3,836.0,Female,109.0,Mild,Secondary,1.0
Dhaka,Rural,Richer,41,8.9,836.0,Female,112.0,Not anemic,Primary,2.0
Dhaka,Rural,Richer,55,13.1,996.0,Female,101.0,Mild,Secondary,1.0
Dhaka,Rural,Richest,50,14.0,1008.0,Female,116.0,Not anemic,Secondary,2.0
Dhaka,Rural,Poorer,6,4.6,622.0,Female,106.0,Mild,Primary,1.0
Dhaka,Rural,Middle,38,11.0,907.0,Female,122.0,Not anemic,No education,2.0
Dhaka,Rural,Richest,59,22.5,1111.0,Female,120.0,Not anemic,Secondary,1.0
Dhaka,Rural,Richest,11,7.6,716.0,Female,106.0,Mild,Secondary,2.0
Dhaka,Rural,Richer,32,5.3,762.0,Female,120.0,Not anemic,Primary,1.0
Khulna,Rural,Poorest,27,9.1,833.0,Female,118.0,Not anemic,Secondary,1.0
Khulna,Rural,Middle,24,9.3,809.0,Female,127.0,Not anemic,Primary,8.0
Khulna,Rural,Richer,55,11.5,945.0,Female,114.0,Not anemic,Primary,1.0
Khulna,Rural,Richer,21,8.3,753.0,Female,108.0,Mild,Primary,2.0
Khulna,Urban,Middle,18,7.1,732.0,Female,100.0,Mild,Primary,1.0
Khulna,Rural,Poorest,24,10.9,782.0,Female,114.0,Not anemic,No education,5.0
Khulna,Rural,Poorer,16,8.3,746.0,Female,66.0,Severe,Secondary,2.0
Khulna,Rural,Poorest,33,10.8,879.0,Female,75.0,Moderate,No education,4.0
Khulna,Rural,Poorest,11,7.0,710.0,Female,87.0,Moderate,Primary,3.0
Khulna,Rural,Middle,36,9.6,856.0,Female,100.0,Mild,Secondary,4.0
Khulna,Rural,Poorest,31,11.4,842.0,Female,97.0,Moderate,Secondary,1.0
Khulna,Rural,Middle,20,8.8,800.0,Female,113.0,Not anemic,Secondary,1.0
Khulna,Rural,Richer,57,14.3,1041.0,Female,112.0,Not anemic,Secondary,2.0
Khulna,Rural,Poorest,22,9.0,810.0,Female,111.0,Not anemic,Primary,1.0
Khulna,Rural,Poorest,29,12.5,860.0,Female,102.0,Mild,Primary,2.0
Khulna,Rural,Richer,23,9.6,782.0,Female,119.0,Not anemic,Secondary,2.0
Khulna,Rural,Poorer,25,8.7,857.0,Female,101.0,Mild,Secondary,1.0
Khulna,Rural,Poorer,9,5.9,673.0,Female,99.0,Moderate,Secondary,2.0
Khulna,Urban,Richer,34,10.7,882.0,Female,113.0,Not anemic,Primary,2.0
Khulna,Rural,Poorer,39,12.8,1032.0,Female,103.0,Mild,Secondary,3.0
Khulna,Rural,Richest,38,11.4,948.0,Female,128.0,Not anemic,Secondary,4.0
Khulna,Rural,Poorer,51,9.0,824.0,Female,107.0,Mild,Primary,2.0
Khulna,Rural,Richer,9,9.5,722.0,Female,80.0,Moderate,Primary,2.0
Khulna,Rural,Poorer,35,10.2,871.0,Female,124.0,Not anemic,Primary,2.0
Khulna,Urban,Richer,38,9.3,837.0,Female,104.0,Mild,Primary,1.0
Khulna,Urban,Richest,47,14.8,1016.0,Female,117.0,Not anemic,Higher,1.0
Khulna,Rural,Richest,34,13.8,913.0,Female,93.0,Moderate,Secondary,4.0
Khulna,Rural,Richer,47,12.7,951.0,Female,105.0,Mild,Primary,2.0
Khulna,Rural,Richer,27,9.1,791.0,Female,129.0,Not anemic,Primary,3.0
Khulna,Rural,Poorest,13,7.6,692.0,Female,104.0,Mild,Secondary,1.0
Khulna,Rural,Middle,21,10.4,822.0,Female,100.0,Mild,Primary,3.0
Khulna,Rural,Richer,57,9.5,901.0,Female,137.0,Not anemic,Primary,3.0
Khulna,Rural,Middle,32,11.3,876.0,Female,118.0,Not anemic,Secondary,1.0
Khulna,Rural,Richest,46,10.2,886.0,Female,90.0,Moderate,Primary,4.0
Khulna,Rural,Richer,43,12.9,964.0,Female,117.0,Not anemic,Secondary,3.0
Khulna,Rural,Richer,50,15.5,1001.0,Female,108.0,Mild,Primary,4.0
Khulna,Rural,Middle,58,12.6,1002.0,Female,101.0,Mild,Primary,3.0
Khulna,Rural,Middle,16,7.9,717.0,Female,109.0,Mild,Secondary,2.0
Khulna,Urban,Middle,31,10.3,841.0,Female,109.0,Mild,Secondary,1.0
Khulna,Urban,Richer,24,9.1,810.0,Female,109.0,Mild,Secondary,1.0
Khulna,Urban,Richer,34,12.3,898.0,Female,106.0,Mild,Secondary,2.0
Khulna,Rural,Poorer,50,13.2,972.0,Female,118.0,Not anemic,Primary,2.0
Khulna,Rural,Middle,15,7.5,711.0,Female,109.0,Mild,Secondary,2.0
Khulna,Rural,Richer,10,9.2,676.0,Female,84.0,Moderate,Secondary,1.0
Khulna,Rural,Poorest,11,6.6,644.0,Female,98.0,Moderate,Secondary,1.0
Khulna,Urban,Richest,47,12.0,931.0,Female,113.0,Not anemic,Secondary,1.0
Khulna,Urban,Richest,15,9.0,743.0,Female,101.0,Mild,Secondary,2.0
Khulna,Urban,Richest,58,13.6,1012.0,Female,127.0,Not anemic,Primary,2.0
Khulna,Rural,Poorer,40,11.7,926.0,Female,124.0,Not anemic,Primary,1.0
Khulna,Rural,Middle,29,11.4,848.0,Female,109.0,Mild,Primary,4.0
Khulna,Rural,Poorer,14,7.8,724.0,Female,121.0,Not anemic,Secondary,2.0
Khulna,Rural,Richest,14,9.0,722.0,Female,109.0,Mild,Primary,1.0
Khulna,Rural,Richer,32,10.8,855.0,Female,115.0,Not anemic,Secondary,1.0
Khulna,Rural,Poorest,51,14.0,1009.0,Female,119.0,Not anemic,Primary,3.0
Khulna,Rural,Poorer,22,11.0,816.0,Female,116.0,Not anemic,Secondary,1.0
Khulna,Rural,Richer,19,8.5,784.0,Female,123.0,Not anemic,Secondary,3.0
Khulna,Rural,Poorest,16,8.3,722.0,Female,119.0,Not anemic,Secondary,1.0
Khulna,Rural,Poorer,50,14.8,969.0,Female,95.0,Moderate,Primary,2.0
Khulna,Rural,Poorer,53,12.9,1000.0,Female,125.0,Not anemic,No education,3.0
Khulna,Rural,Poorest,8,7.1,685.0,Female,108.0,Mild,Primary,1.0
Khulna,Rural,Poorest,44,14.3,946.0,Female,126.0,Not anemic,Secondary,2.0
Khulna,Urban,Richer,11,7.7,671.0,Female,103.0,Mild,Secondary,1.0
Khulna,Urban,Middle,37,10.1,842.0,Female,92.0,Moderate,Primary,5.0
Khulna,Urban,Richer,22,9.0,777.0,Female,109.0,Mild,Primary,5.0
Khulna,Urban,Richest,10,8.5,696.0,Female,118.0,Not anemic,Secondary,3.0
Khulna,Urban,Richest,47,13.9,979.0,Female,111.0,Not anemic,Secondary,1.0
Khulna,Urban,Richer,11,8.2,722.0,Female,88.0,Moderate,Primary,2.0
Khulna,Urban,Richest,51,11.8,885.0,Female,94.0,Moderate,Secondary,1.0
Khulna,Urban,Richest,18,8.6,767.0,Female,92.0,Moderate,Secondary,2.0
Khulna,Urban,Richest,20,6.6,677.0,Female,115.0,Not anemic,Secondary,3.0
Khulna,Urban,Middle,33,9.5,853.0,Female,103.0,Mild,Secondary,1.0
Khulna,Urban,Richest,37,11.5,849.0,Female,104.0,Mild,Primary,3.0
Khulna,Rural,Middle,43,10.4,866.0,Female,108.0,Mild,No education,3.0
Khulna,Rural,Middle,59,12.6,977.0,Female,100.0,Mild,Secondary,2.0
Khulna,Rural,Poorest,27,9.4,840.0,Female,100.0,Mild,Secondary,1.0
Khulna,Rural,Middle,30,11.1,864.0,Female,114.0,Not anemic,Primary,2.0
Khulna,Rural,Poorest,12,8.6,738.0,Female,119.0,Not anemic,Secondary,1.0
Khulna,Urban,Poorest,34,11.4,883.0,Female,113.0,Not anemic,Primary,1.0
Khulna,Urban,Richest,41,17.9,991.0,Female,102.0,Mild,Higher,1.0
Khulna,Urban,Richest,53,11.9,966.0,Female,116.0,Not anemic,Secondary,2.0
Khulna,Urban,Richest,14,10.1,719.0,Female,114.0,Not anemic,Secondary,1.0
Khulna,Urban,Richest,37,11.5,897.0,Female,100.0,Mild,Secondary,1.0
Khulna,Urban,Middle,12,9.1,722.0,Female,98.0,Moderate,Primary,1.0
Khulna,Urban,Richer,32,10.6,874.0,Female,95.0,Moderate,Secondary,1.0
Khulna,Rural,Middle,57,11.9,930.0,Female,89.0,Moderate,No education,2.0
Khulna,Urban,Poorer,22,11.2,833.0,Female,94.0,Moderate,Secondary,1.0
Khulna,Rural,Poorer,50,11.4,896.0,Female,85.0,Moderate,Primary,3.0
Khulna,Rural,Poorest,31,9.9,783.0,Female,108.0,Mild,Secondary,1.0
Khulna,Rural,Poorer,12,6.8,703.0,Female,100.0,Mild,Primary,2.0
Khulna,Rural,Middle,9,6.3,667.0,Female,95.0,Moderate,Secondary,2.0
Khulna,Urban,Richest,19,10.9,811.0,Female,77.0,Moderate,Secondary,2.0
Khulna,Rural,Richer,34,10.9,886.0,Female,116.0,Not anemic,Primary,2.0
Khulna,Rural,Richest,17,9.5,801.0,Female,114.0,Not anemic,Secondary,1.0
Khulna,Rural,Richest,17,9.9,793.0,Female,108.0,Mild,Secondary,2.0
Khulna,Rural,Poorer,25,9.4,808.0,Female,115.0,Not anemic,Secondary,2.0
Khulna,Urban,Richest,16,9.5,763.0,Female,121.0,Not anemic,Secondary,2.0
Khulna,Rural,Poorer,45,12.1,896.0,Female,109.0,Mild,Secondary,1.0
Khulna,Rural,Poorest,47,12.6,957.0,Female,127.0,Not anemic,Secondary,2.0
Khulna,Rural,Poorer,16,8.5,733.0,Female,104.0,Mild,Secondary,1.0
Khulna,Rural,Middle,38,12.0,945.0,Female,110.0,Not anemic,Secondary,4.0
Khulna,Rural,Poorer,48,12.0,941.0,Female,104.0,Mild,No education,4.0
Khulna,Rural,Middle,13,6.8,687.0,Female,116.0,Not anemic,Secondary,1.0
Khulna,Rural,Middle,18,8.2,742.0,Female,119.0,Not anemic,Secondary,1.0
Khulna,Rural,Poorest,26,10.8,857.0,Female,111.0,Not anemic,Secondary,1.0
Khulna,Urban,Richest,38,12.2,915.0,Female,103.0,Mild,Primary,1.0
Khulna,Urban,Richest,13,8.9,746.0,Female,92.0,Moderate,Higher,1.0
Khulna,Urban,Richer,59,16.4,1111.0,Female,113.0,Not anemic,Secondary,1.0
Khulna,Urban,Richest,25,11.0,882.0,Female,107.0,Mild,Higher,1.0
Khulna,Rural,Poorer,14,7.6,716.0,Female,99.0,Moderate,Primary,2.0
Khulna,Rural,Poorest,33,10.4,856.0,Female,101.0,Mild,No education,3.0
Khulna,Rural,Richer,34,9.5,858.0,Female,104.0,Mild,Primary,1.0
Khulna,Rural,Poorer,13,7.3,689.0,Female,90.0,Moderate,Primary,3.0
Khulna,Rural,Middle,32,11.3,866.0,Female,108.0,Mild,Secondary,1.0
Khulna,Rural,Richer,49,12.2,942.0,Female,106.0,Mild,Secondary,2.0
Khulna,Rural,Richest,42,12.0,909.0,Female,130.0,Not anemic,Higher,2.0
Khulna,Rural,Middle,22,7.1,726.0,Female,147.0,Not anemic,Secondary,1.0
Khulna,Rural,Richest,56,17.7,1077.0,Female,125.0,Not anemic,Secondary,1.0
Khulna,Rural,Richest,16,8.8,745.0,Female,106.0,Mild,Primary,2.0
Khulna,Rural,Middle,9,8.3,686.0,Female,99.0,Moderate,Primary,2.0
Khulna,Rural,Poorest,47,14.4,1054.0,Female,111.0,Not anemic,Primary,3.0
Khulna,Rural,Poorest,48,12.3,918.0,Female,122.0,Not anemic,Secondary,1.0
Khulna,Rural,Poorer,7,8.4,694.0,Female,101.0,Mild,Secondary,1.0
Khulna,Urban,Richest,44,11.2,883.0,Female,94.0,Moderate,Secondary,2.0
Khulna,Rural,Richer,48,13.7,926.0,Female,106.0,Mild,Primary,2.0
Khulna,Rural,Poorest,36,10.0,844.0,Female,98.0,Moderate,Primary,4.0
Khulna,Rural,Middle,38,12.5,915.0,Female,126.0,Not anemic,Higher,1.0
Khulna,Rural,Poorest,28,9.4,880.0,Female,87.0,Moderate,No education,4.0
Khulna,Rural,Poorer,47,14.9,1004.0,Female,102.0,Mild,Secondary,1.0
Khulna,Rural,Middle,49,13.2,980.0,Female,104.0,Mild,Primary,2.0
Rajshahi,Urban,Richer,20,9.4,753.0,Female,120.0,Not anemic,Secondary,2.0
Rajshahi,Urban,Middle,59,13.4,1020.0,Female,108.0,Mild,Higher,1.0
Rajshahi,Urban,Richer,13,8.9,726.0,Female,100.0,Mild,No education,3.0
Rajshahi,Urban,Richest,15,8.4,672.0,Female,109.0,Mild,Secondary,1.0
Rajshahi,Rural,Richer,40,11.9,923.0,Female,100.0,Mild,Secondary,2.0
Rajshahi,Rural,Middle,51,13.3,980.0,Female,113.0,Not anemic,Primary,5.0
Rajshahi,Rural,Poorest,26,9.7,832.0,Female,105.0,Mild,No education,3.0
Rajshahi,Rural,Poorest,26,9.6,832.0,Female,108.0,Mild,No education,4.0
Rajshahi,Rural,Poorer,20,7.9,771.0,Female,112.0,Not anemic,Secondary,2.0
Rajshahi,Rural,Richest,18,7.5,730.0,Female,114.0,Not anemic,Higher,3.0
Rajshahi,Rural,Poorest,23,8.5,760.0,Female,100.0,Mild,Primary,5.0
Rajshahi,Rural,Poorest,21,8.3,550.0,Female,94.0,Moderate,Secondary,1.0
Rajshahi,Rural,Poorest,15,9.0,757.0,Female,104.0,Mild,Primary,5.0
Rajshahi,Rural,Poorest,37,11.0,851.0,Female,100.0,Mild,Primary,3.0
Rajshahi,Urban,Richer,58,20.8,1150.0,Female,129.0,Not anemic,Secondary,1.0
Rajshahi,Rural,Poorer,10,8.0,594.0,Female,78.0,Moderate,Primary,3.0
Rajshahi,Rural,Poorer,13,7.0,709.0,Female,91.0,Moderate,Primary,1.0
Rajshahi,Rural,Poorest,16,7.5,731.0,Female,112.0,Not anemic,Primary,2.0
Rajshahi,Rural,Middle,44,12.2,970.0,Female,114.0,Not anemic,Secondary,1.0
Rajshahi,Rural,Middle,22,8.0,795.0,Female,111.0,Not anemic,Secondary,1.0
Rajshahi,Urban,Middle,46,11.0,950.0,Female,113.0,Not anemic,Secondary,2.0
Rajshahi,Rural,Richer,50,13.0,995.0,Female,124.0,Not anemic,Higher,1.0
Rajshahi,Rural,Poorest,43,10.0,982.0,Female,123.0,Not anemic,No education,5.0
Rajshahi,Rural,Middle,36,11.8,885.0,Female,111.0,Not anemic,Secondary,2.0
Rajshahi,Rural,Poorer,51,16.6,1116.0,Female,109.0,Mild,Primary,3.0
Rajshahi,Rural,Poorer,47,11.6,947.0,Female,104.0,Mild,Primary,3.0
Rajshahi,Rural,Middle,12,8.5,746.0,Female,108.0,Mild,Secondary,1.0
Rajshahi,Rural,Poorest,8,6.6,657.0,Female,108.0,Mild,Secondary,2.0
Rajshahi,Rural,Poorer,50,11.9,951.0,Female,79.0,Moderate,Primary,1.0
Rajshahi,Rural,Middle,21,9.5,823.0,Female,104.0,Mild,Secondary,1.0
Rajshahi,Urban,Richer,33,11.0,891.0,Female,103.0,Mild,Primary,1.0
Rajshahi,Rural,Richest,46,11.6,949.0,Female,142.0,Not anemic,Secondary,1.0
Rajshahi,Urban,Richest,56,15.1,1015.0,Female,114.0,Not anemic,Secondary,2.0
Rajshahi,Urban,Richest,47,12.2,932.0,Female,108.0,Mild,Higher,1.0
Rajshahi,Urban,Richer,55,13.5,988.0,Female,112.0,Not anemic,Secondary,1.0
Rajshahi,Urban,Richer,44,11.8,914.0,Female,117.0,Not anemic,No education,1.0
Rajshahi,Rural,Poorest,46,11.9,882.0,Female,87.0,Moderate,No education,3.0
Rajshahi,Rural,Richer,43,15.5,993.0,Female,118.0,Not anemic,Higher,1.0
Rajshahi,Rural,Poorest,48,13.6,985.0,Female,130.0,Not anemic,Secondary,1.0
Rajshahi,Rural,Poorest,21,8.7,801.0,Female,105.0,Mild,Secondary,2.0
Rajshahi,Rural,Poorest,56,13.4,1043.0,Female,110.0,Not anemic,Primary,1.0
Rajshahi,Rural,Poorer,47,12.1,942.0,Female,115.0,Not anemic,Secondary,2.0
Rajshahi,Rural,Richer,48,13.0,964.0,Female,117.0,Not anemic,Secondary,1.0
Rajshahi,Rural,Poorest,18,8.5,765.0,Female,103.0,Mild,Primary,3.0
Rajshahi,Urban,Richer,23,8.0,779.0,Female,97.0,Moderate,Secondary,1.0
Rajshahi,Urban,Richer,11,8.3,713.0,Female,110.0,Not anemic,Secondary,1.0
Rajshahi,Urban,Poorer,28,9.3,844.0,Female,115.0,Not anemic,Primary,2.0
Rajshahi,Rural,Richest,34,14.2,1044.0,Female,119.0,Not anemic,Secondary,2.0
Rajshahi,Urban,Middle,17,7.3,750.0,Female,122.0,Not anemic,Secondary,2.0
Rajshahi,Rural,Richer,59,15.8,1053.0,Female,122.0,Not anemic,Secondary,1.0
Rajshahi,Rural,Richer,46,16.5,1004.0,Female,114.0,Not anemic,Secondary,2.0
Rajshahi,Rural,Richer,16,8.3,727.0,Female,84.0,Moderate,Secondary,3.0
Rajshahi,Rural,Poorer,17,7.9,714.0,Female,92.0,Moderate,No education,1.0
Rajshahi,Rural,Poorest,40,9.9,856.0,Female,110.0,Not anemic,No education,3.0
Rajshahi,Rural,Poorest,33,10.7,893.0,Female,119.0,Not anemic,Secondary,1.0
Rajshahi,Rural,Middle,35,10.1,884.0,Female,127.0,Not anemic,No education,3.0
Rajshahi,Rural,Richest,17,7.8,728.0,Female,112.0,Not anemic,Secondary,2.0
Rajshahi,Rural,Poorer,18,7.9,721.0,Female,103.0,Mild,Primary,1.0
Rajshahi,Rural,Middle,30,9.5,847.0,Female,115.0,Not anemic,Secondary,3.0
Rajshahi,Rural,Poorer,50,12.7,979.0,Female,128.0,Not anemic,Secondary,2.0
Rajshahi,Rural,Poorer,28,8.1,753.0,Female,116.0,Not anemic,Secondary,3.0
Rajshahi,Rural,Richest,13,9.2,730.0,Female,89.0,Moderate,Secondary,1.0
Rajshahi,Urban,Richest,55,15.5,1010.0,Female,119.0,Not anemic,Secondary,2.0
Rajshahi,Rural,Poorer,54,13.0,996.0,Female,115.0,Not anemic,Primary,3.0
Rajshahi,Rural,Middle,46,12.3,963.0,Female,115.0,Not anemic,No education,4.0
Rajshahi,Rural,Poorest,11,7.5,695.0,Female,101.0,Mild,Secondary,1.0
Rajshahi,Rural,Richest,20,9.0,804.0,Female,112.0,Not anemic,Higher,2.0
Rajshahi,Rural,Middle,23,9.4,768.0,Female,106.0,Mild,Secondary,1.0
Rajshahi,Urban,Poorer,21,9.2,770.0,Female,116.0,Not anemic,No education,2.0
Rajshahi,Urban,Middle,53,13.2,968.0,Female,109.0,Mild,Secondary,1.0
Rajshahi,Rural,Poorest,49,10.6,892.0,Female,109.0,Mild,No education,2.0
Rajshahi,Rural,Middle,43,12.5,927.0,Female,111.0,Not anemic,Secondary,2.0
Rajshahi,Rural,Poorer,21,8.6,790.0,Female,107.0,Mild,Primary,1.0
Rajshahi,Urban,Richest,8,6.5,675.0,Female,81.0,Moderate,Secondary,1.0
Rajshahi,Urban,Richest,37,15.9,1025.0,Female,118.0,Not anemic,Higher,1.0
Rajshahi,Rural,Richer,41,13.5,993.0,Female,121.0,Not anemic,Secondary,1.0
Rajshahi,Urban,Poorest,44,10.7,907.0,Female,121.0,Not anemic,No education,1.0
Rajshahi,Urban,Poorest,46,12.8,944.0,Female,114.0,Not anemic,No education,4.0
Rajshahi,Rural,Poorest,54,11.7,933.0,Female,130.0,Not anemic,No education,4.0
Rajshahi,Rural,Poorer,31,9.5,825.0,Female,107.0,Mild,No education,2.0
Rajshahi,Rural,Poorest,46,11.1,874.0,Female,114.0,Not anemic,No education,6.0
Rajshahi,Rural,Poorest,48,13.4,946.0,Female,109.0,Mild,No education,6.0
Rajshahi,Rural,Middle,40,14.1,961.0,Female,99.0,Moderate,No education,1.0
Rajshahi,Urban,Richest,45,15.7,1011.0,Female,138.0,Not anemic,Secondary,1.0
Rajshahi,Rural,Middle,57,12.3,984.0,Female,99.0,Moderate,Primary,1.0
Rajshahi,Rural,Poorer,13,7.6,729.0,Female,88.0,Moderate,Secondary,1.0
Rajshahi,Urban,Poorer,31,9.8,823.0,Female,90.0,Moderate,Secondary,1.0
Rajshahi,Urban,Richest,17,9.0,786.0,Female,114.0,Not anemic,Secondary,2.0
Rajshahi,Urban,Richest,58,15.7,1064.0,Female,116.0,Not anemic,Secondary,2.0
Rajshahi,Urban,Richest,25,10.6,857.0,Female,90.0,Moderate,Secondary,3.0
Rajshahi,Urban,Richest,27,11.2,842.0,Female,121.0,Not anemic,Secondary,1.0
Rajshahi,Urban,Richest,10,8.3,706.0,Female,90.0,Moderate,Higher,2.0
Rajshahi,Rural,Middle,8,8.3,679.0,Female,94.0,Moderate,Secondary,2.0
Rajshahi,Rural,Poorer,36,11.2,903.0,Female,120.0,Not anemic,Secondary,1.0
Rajshahi,Urban,Middle,59,12.9,995.0,Female,122.0,Not anemic,Primary,3.0
Rajshahi,Urban,Richer,45,13.8,982.0,Female,107.0,Mild,Secondary,2.0
Rajshahi,Urban,Poorest,39,9.3,849.0,Female,112.0,Not anemic,Primary,3.0
Rajshahi,Urban,Richer,56,12.3,966.0,Female,117.0,Not anemic,Secondary,1.0
Rajshahi,Urban,Richer,17,7.0,718.0,Female,113.0,Not anemic,Secondary,2.0
Rajshahi,Urban,Richest,25,12.3,886.0,Female,122.0,Not anemic,Secondary,1.0
Rajshahi,Urban,Richest,8,7.5,672.0,Female,96.0,Moderate,Secondary,1.0
Rajshahi,Urban,Middle,49,10.3,916.0,Female,87.0,Moderate,Primary,1.0
Rajshahi,Urban,Richer,15,7.4,730.0,Female,115.0,Not anemic,Secondary,1.0
Rajshahi,Rural,Middle,59,15.3,1020.0,Female,109.0,Mild,Secondary,2.0
Rajshahi,Rural,Middle,13,7.9,712.0,Female,98.0,Moderate,Secondary,2.0
Rajshahi,Rural,Middle,54,12.2,931.0,Female,117.0,Not anemic,No education,3.0
Rajshahi,Rural,Poorer,14,8.8,711.0,Female,92.0,Moderate,Secondary,2.0
Rajshahi,Rural,Poorer,13,6.9,734.0,Female,102.0,Mild,Primary,2.0
Rajshahi,Rural,Poorest,48,8.8,839.0,Female,141.0,Not anemic,Primary,1.0
Rajshahi,Rural,Poorest,59,14.2,1120.0,Female,132.0,Not anemic,No education,4.0
Rajshahi,Rural,Poorest,40,11.6,919.0,Female,109.0,Mild,Primary,1.0
Rajshahi,Rural,Poorest,58,13.3,976.0,Female,116.0,Not anemic,Primary,3.0
Rajshahi,Rural,Poorest,26,9.2,775.0,Female,105.0,Mild,Primary,4.0
Rajshahi,Rural,Richer,7,6.4,677.0,Female,113.0,Not anemic,Primary,3.0
Rajshahi,Rural,Poorest,56,14.9,974.0,Female,121.0,Not anemic,Secondary,1.0
Rajshahi,Rural,Poorest,29,10.9,837.0,Female,132.0,Not anemic,Secondary,2.0
Rajshahi,Rural,Middle,23,10.5,870.0,Female,115.0,Not anemic,Secondary,1.0
Rajshahi,Rural,Middle,41,14.3,948.0,Female,106.0,Mild,Primary,2.0
Rajshahi,Urban,Middle,19,7.0,730.0,Female,81.0,Moderate,Primary,1.0
Rajshahi,Rural,Poorer,6,7.6,672.0,Female,118.0,Not anemic,No education,6.0
Rajshahi,Rural,Poorer,50,12.9,984.0,Female,119.0,Not anemic,Primary,1.0
Rajshahi,Rural,Middle,48,12.3,987.0,Female,110.0,Not anemic,Secondary,2.0
Rajshahi,Rural,Poorest,42,14.5,1040.0,Female,101.0,Mild,Secondary,2.0
Rajshahi,Rural,Poorer,22,9.2,760.0,Female,105.0,Mild,No education,1.0
Rajshahi,Rural,Middle,55,14.4,1036.0,Female,122.0,Not anemic,Primary,2.0
Rajshahi,Rural,Poorer,32,10.9,846.0,Female,124.0,Not anemic,Primary,2.0
Rajshahi,Rural,Poorer,49,12.7,951.0,Female,114.0,Not anemic,Primary,2.0
Rangpur,Rural,Poorer,17,8.1,725.0,Female,101.0,Mild,Secondary,2.0
Rangpur,Rural,Poorer,26,8.3,768.0,Female,101.0,Mild,Secondary,1.0
Rangpur,Rural,Poorest,18,8.3,711.0,Female,107.0,Mild,No education,3.0
Rangpur,Rural,Poorer,45,14.5,955.0,Female,116.0,Not anemic,Secondary,1.0
Rangpur,Rural,Poorer,40,9.6,826.0,Female,107.0,Mild,Secondary,1.0
Rangpur,Rural,Poorer,11,6.6,666.0,Female,109.0,Mild,Secondary,2.0
Rangpur,Rural,Richest,35,11.3,873.0,Female,90.0,Moderate,Secondary,2.0
Rangpur,Rural,Poorest,29,8.9,782.0,Female,102.0,Mild,Secondary,2.0
Rangpur,Rural,Poorest,31,8.3,823.0,Female,115.0,Not anemic,Secondary,1.0
Rangpur,Rural,Poorer,28,9.9,844.0,Female,113.0,Not anemic,No education,4.0
Rangpur,Rural,Richest,46,14.0,961.0,Female,73.0,Moderate,Secondary,3.0
Rangpur,Urban,Richer,54,14.0,992.0,Female,114.0,Not anemic,No education,5.0
Rangpur,Urban,Richer,23,9.0,791.0,Female,84.0,Moderate,No education,6.0
Rangpur,Rural,Poorer,36,10.6,851.0,Female,108.0,Mild,Secondary,5.0
Rangpur,Rural,Richest,57,14.0,1012.0,Female,112.0,Not anemic,Primary,1.0
Rangpur,Rural,Middle,51,13.1,980.0,Female,115.0,Not anemic,Primary,2.0
Rangpur,Rural,Middle,38,13.8,933.0,Female,128.0,Not anemic,Primary,2.0
Rangpur,Rural,Poorer,6,4.9,567.0,Female,126.0,Not anemic,Secondary,2.0
Rangpur,Rural,Poorest,52,12.0,930.0,Female,112.0,Not anemic,No education,4.0
Rangpur,Rural,Middle,52,12.7,981.0,Female,111.0,Not anemic,Primary,3.0
Rangpur,Rural,Poorest,54,10.3,899.0,Female,99.0,Moderate,Primary,2.0
Rangpur,Rural,Richer,45,12.0,945.0,Female,113.0,Not anemic,Secondary,1.0
Rangpur,Rural,Middle,25,10.6,831.0,Female,106.0,Mild,Primary,4.0
Rangpur,Urban,Poorest,8,6.7,601.0,Female,111.0,Not anemic,Primary,1.0
Rangpur,Rural,Richer,29,10.0,863.0,Female,117.0,Not anemic,Secondary,1.0
Rangpur,Rural,Richer,59,14.5,1064.0,Female,113.0,Not anemic,Secondary,1.0
Rangpur,Rural,Middle,58,11.0,957.0,Female,110.0,Not anemic,Primary,1.0
Rangpur,Rural,Poorest,52,13.4,930.0,Female,109.0,Mild,No education,4.0
Rangpur,Rural,Poorer,46,11.8,907.0,Female,113.0,Not anemic,Primary,1.0
Rangpur,Rural,Poorest,18,7.8,758.0,Female,112.0,Not anemic,No education,4.0
Rangpur,Rural,Poorer,56,11.6,994.0,Female,103.0,Mild,No education,4.0
Rangpur,Rural,Poorer,26,9.6,817.0,Female,113.0,Not anemic,Primary,1.0
Rangpur,Urban,Richer,35,10.7,878.0,Female,123.0,Not anemic,Secondary,1.0
Rangpur,Urban,Poorer,46,14.0,929.0,Female,115.0,Not anemic,Secondary,1.0
Rangpur,Rural,Poorer,57,14.3,980.0,Female,111.0,Not anemic,Primary,3.0
Rangpur,Rural,Richest,59,14.9,1051.0,Female,110.0,Not anemic,Secondary,3.0
Rangpur,Rural,Poorer,41,10.8,869.0,Female,121.0,Not anemic,Secondary,1.0
Rangpur,Rural,Poorest,53,12.4,982.0,Female,110.0,Not anemic,Secondary,2.0
Rangpur,Rural,Richer,22,5.7,797.0,Female,107.0,Mild,Secondary,1.0
Rangpur,Rural,Richer,26,9.6,851.0,Female,110.0,Not anemic,Higher,1.0
Rangpur,Urban,Poorest,14,7.8,691.0,Female,81.0,Moderate,Primary,1.0
Rangpur,Rural,Poorest,17,7.5,744.0,Female,103.0,Mild,Primary,2.0
Rangpur,Rural,Poorer,33,9.5,852.0,Female,106.0,Mild,Secondary,1.0
Rangpur,Rural,Poorest,46,10.7,989.0,Female,109.0,Mild,Primary,3.0
Rangpur,Urban,Poorer,52,12.9,1006.0,Female,90.0,Moderate,Primary,5.0
Rangpur,Rural,Poorest,7,6.1,623.0,Female,86.0,Moderate,Primary,4.0
Rangpur,Rural,Richer,49,13.0,961.0,Female,100.0,Mild,No education,2.0
Rangpur,Rural,Poorest,52,13.5,961.0,Female,103.0,Mild,Primary,2.0
Rangpur,Urban,Poorest,29,9.8,871.0,Female,109.0,Mild,No education,4.0
Rangpur,Urban,Middle,19,9.0,784.0,Female,103.0,Mild,Secondary,1.0
Rangpur,Urban,Middle,59,14.1,1011.0,Female,113.0,Not anemic,Primary,1.0
Rangpur,Rural,Richer,46,14.0,992.0,Female,123.0,Not anemic,Secondary,1.0
Rangpur,Rural,Richer,12,7.3,718.0,Female,81.0,Moderate,Higher,1.0
Rangpur,Rural,Poorest,40,11.0,942.0,Female,116.0,Not anemic,No education,3.0
Rangpur,Rural,Poorest,16,7.0,652.0,Female,92.0,Moderate,No education,4.0
Rangpur,Rural,Poorest,31,8.1,783.0,Female,107.0,Mild,No education,2.0
Rangpur,Rural,Poorest,37,9.9,866.0,Female,112.0,Not anemic,No education,2.0
Rangpur,Rural,Poorest,39,10.2,853.0,Female,104.0,Mild,No education,6.0
Rangpur,Rural,Richer,56,17.0,1093.0,Female,107.0,Mild,Secondary,3.0
Rangpur,Rural,Poorer,58,13.6,1004.0,Female,87.0,Moderate,Secondary,2.0
Rangpur,Rural,Middle,19,9.7,765.0,Female,90.0,Moderate,Primary,5.0
Rangpur,Urban,Richer,12,8.0,750.0,Female,108.0,Mild,Secondary,4.0
Rangpur,Urban,Poorer,33,9.0,830.0,Female,104.0,Mild,Secondary,1.0
Rangpur,Urban,Poorest,54,12.5,945.0,Female,130.0,Not anemic,No education,4.0
Rangpur,Rural,Poorest,32,8.3,809.0,Female,103.0,Mild,No education,3.0
Rangpur,Urban,Richer,34,11.2,900.0,Female,104.0,Mild,Higher,2.0
Rangpur,Urban,Richest,50,14.3,1003.0,Female,117.0,Not anemic,Secondary,2.0
Rangpur,Rural,Middle,33,21.2,988.0,Female,112.0,Not anemic,Higher,2.0
Rangpur,Rural,Poorer,20,8.6,726.0,Female,104.0,Mild,Secondary,2.0
Rangpur,Rural,Poorest,52,13.8,977.0,Female,112.0,Not anemic,Primary,1.0
Rangpur,Urban,Poorest,11,7.7,656.0,Female,98.0,Moderate,Primary,1.0
Rangpur,Urban,Poorest,55,11.7,693.0,Female,98.0,Moderate,No education,1.0
Rangpur,Rural,Poorest,17,7.4,715.0,Female,112.0,Not anemic,Primary,3.0
Rangpur,Rural,Poorer,46,12.5,988.0,Female,99.0,Moderate,No education,6.0
Rangpur,Rural,Poorest,28,10.9,835.0,Female,108.0,Mild,Primary,1.0
Rangpur,Rural,Poorer,10,6.8,696.0,Female,91.0,Moderate,Secondary,1.0
Rangpur,Rural,Poorest,10,8.4,685.0,Female,108.0,Mild,No education,3.0
Rangpur,Rural,Poorer,21,7.4,709.0,Female,89.0,Moderate,Primary,1.0
Rangpur,Rural,Middle,59,14.0,1022.0,Female,112.0,Not anemic,No education,2.0
Rangpur,Rural,Poorer,54,14.0,948.0,Female,103.0,Mild,No education,4.0
Rangpur,Rural,Poorer,35,11.3,922.0,Female,91.0,Moderate,No education,5.0
Rangpur,Urban,Middle,21,9.0,784.0,Female,108.0,Mild,Secondary,2.0
Rangpur,Urban,Poorest,32,12.4,891.0,Female,102.0,Mild,Secondary,1.0
Rangpur,Urban,Middle,20,7.5,751.0,Female,115.0,Not anemic,Higher,1.0
Rangpur,Urban,Richer,44,13.4,987.0,Female,110.0,Not anemic,Primary,5.0
Rangpur,Urban,Richer,48,11.4,919.0,Female,112.0,Not anemic,No education,1.0
Rangpur,Urban,Richest,28,12.9,895.0,Female,127.0,Not anemic,Higher,1.0
Rangpur,Rural,Poorest,31,9.5,851.0,Female,102.0,Mild,Secondary,3.0
Rangpur,Rural,Poorer,38,11.8,905.0,Female,113.0,Not anemic,Primary,1.0
Rangpur,Rural,Poorest,45,13.0,974.0,Female,90.0,Moderate,Primary,2.0
Rangpur,Rural,Middle,56,14.1,1014.0,Female,113.0,Not anemic,Secondary,1.0
Rangpur,Rural,Middle,45,12.8,939.0,Female,100.0,Mild,Primary,3.0
Rangpur,Rural,Poorest,13,7.1,694.0,Female,89.0,Moderate,No education,1.0
Rangpur,Urban,Richest,23,9.7,765.0,Female,79.0,Moderate,Higher,1.0
Rangpur,Rural,Poorest,35,9.4,828.0,Female,97.0,Moderate,Secondary,1.0
Rangpur,Rural,Middle,38,11.3,891.0,Female,117.0,Not anemic,Higher,2.0
Rangpur,Rural,Middle,15,9.3,785.0,Female,90.0,Moderate,Higher,3.0
Rangpur,Rural,Poorest,58,12.8,1016.0,Female,117.0,Not anemic,Secondary,1.0
Rangpur,Rural,Poorest,48,12.0,948.0,Female,105.0,Mild,Secondary,1.0
Rangpur,Rural,Poorest,21,8.8,809.0,Female,116.0,Not anemic,Primary,2.0
Rangpur,Rural,Poorer,47,14.3,975.0,Female,125.0,Not anemic,No education,1.0
Rangpur,Rural,Poorer,30,10.9,820.0,Female,110.0,Not anemic,Primary,1.0
Rangpur,Rural,Middle,45,11.2,893.0,Female,110.0,Not anemic,Primary,5.0
Rangpur,Rural,Poorer,23,9.8,811.0,Female,122.0,Not anemic,Primary,1.0
Rangpur,Rural,Poorer,26,8.9,795.0,Female,116.0,Not anemic,Secondary,2.0
Rangpur,Rural,Poorest,50,17.9,1017.0,Female,92.0,Moderate,No education,2.0
Rangpur,Urban,Poorer,26,10.6,848.0,Female,119.0,Not anemic,No education,7.0
Rangpur,Rural,Poorest,17,8.0,754.0,Female,112.0,Not anemic,Primary,4.0
Rangpur,Rural,Middle,29,10.4,818.0,Female,123.0,Not anemic,Higher,2.0
Rangpur,Rural,Richer,24,8.8,775.0,Female,106.0,Mild,Secondary,2.0
Rangpur,Urban,Middle,41,10.8,906.0,Female,121.0,Not anemic,Primary,1.0
Rangpur,Urban,Richer,40,12.3,907.0,Female,107.0,Mild,Secondary,3.0
Rangpur,Urban,Middle,7,7.1,645.0,Female,100.0,Mild,Primary,1.0
Rangpur,Rural,Middle,34,11.6,864.0,Female,110.0,Not anemic,Secondary,1.0
Rangpur,Rural,Poorest,43,10.9,888.0,Female,108.0,Mild,No education,3.0
Rangpur,Rural,Poorest,9,6.8,678.0,Female,92.0,Moderate,Secondary,1.0
Rangpur,Rural,Richest,9,7.5,694.0,Female,101.0,Mild,Secondary,1.0
Rangpur,Rural,Poorest,58,14.5,1057.0,Female,120.0,Not anemic,No education,4.0
Rangpur,Rural,Richer,41,11.1,942.0,Female,90.0,Moderate,Secondary,2.0
Rangpur,Rural,Richest,42,10.5,915.0,Female,101.0,Mild,Secondary,1.0
Rangpur,Rural,Richest,26,9.0,790.0,Female,101.0,Mild,Secondary,2.0
Rangpur,Rural,Poorest,32,11.7,895.0,Female,120.0,Not anemic,No education,2.0
Rangpur,Rural,Middle,6,6.6,643.0,Female,119.0,Not anemic,Secondary,2.0
Rangpur,Rural,Middle,37,11.3,890.0,Female,120.0,Not anemic,Primary,2.0
Rangpur,Rural,Poorest,59,12.6,1012.0,Female,113.0,Not anemic,Primary,3.0
Rangpur,Rural,Poorer,56,12.6,997.0,Female,98.0,Moderate,Primary,2.0
Rangpur,Rural,Richer,45,14.0,971.0,Female,115.0,Not anemic,Secondary,2.0
Rangpur,Rural,Richer,29,7.0,704.0,Female,92.0,Moderate,Secondary,3.0
Rangpur,Rural,Poorer,7,6.4,658.0,Female,117.0,Not anemic,Secondary,2.0
Rangpur,Rural,Poorer,41,11.9,910.0,Female,83.0,Moderate,Primary,2.0
Rangpur,Rural,Poorest,33,14.0,1012.0,Female,110.0,Not anemic,No education,2.0
Rangpur,Rural,Poorer,25,11.3,851.0,Female,128.0,Not anemic,No education,3.0
Rangpur,Rural,Poorest,55,14.1,977.0,Female,103.0,Mild,No education,3.0
Rangpur,Rural,Poorest,24,9.0,775.0,Female,108.0,Mild,No education,4.0
Rangpur,Rural,Poorest,43,10.4,876.0,Female,115.0,Not anemic,Secondary,1.0
Rangpur,Urban,Richest,38,14.9,881.0,Female,110.0,Not anemic,Secondary,1.0
Rangpur,Urban,Richest,17,9.5,783.0,Female,105.0,Mild,Secondary,2.0
Rangpur,Rural,Poorer,56,14.8,1031.0,Female,101.0,Mild,Primary,3.0
Rangpur,Rural,Poorer,13,10.3,807.0,Female,103.0,Mild,Primary,4.0
Rangpur,Rural,Poorer,37,10.6,842.0,Female,114.0,Not anemic,No education,3.0
Rangpur,Rural,Poorer,42,10.1,865.0,Female,117.0,Not anemic,Primary,2.0
Sylhet,Rural,Richer,7,5.7,651.0,Female,85.0,Moderate,Secondary,4.0
Sylhet,Rural,Poorest,6,6.2,649.0,Female,92.0,Moderate,No education,6.0
Sylhet,Rural,Middle,32,11.3,825.0,Female,121.0,Not anemic,No education,4.0
Sylhet,Rural,Poorer,36,8.5,710.0,Female,56.0,Severe,No education,4.0
Sylhet,Rural,Poorest,34,8.4,775.0,Female,109.0,Mild,Primary,4.0
Sylhet,Rural,Poorer,45,12.2,945.0,Female,117.0,Not anemic,Secondary,1.0
Sylhet,Rural,Poorer,25,8.7,803.0,Female,124.0,Not anemic,Secondary,2.0
Sylhet,Rural,Middle,45,12.9,982.0,Female,119.0,Not anemic,Secondary,2.0
Sylhet,Rural,Poorer,24,9.2,772.0,Female,111.0,Not anemic,No education,8.0
Sylhet,Urban,Poorest,8,7.6,803.0,Female,90.0,Moderate,Primary,1.0
Sylhet,Rural,Poorer,25,9.3,862.0,Female,111.0,Not anemic,No education,1.0
Sylhet,Rural,Richer,59,22.3,1021.0,Female,116.0,Not anemic,Secondary,1.0
Sylhet,Rural,Poorest,7,6.3,654.0,Female,97.0,Moderate,No education,6.0
Sylhet,Rural,Poorest,40,11.8,912.0,Female,92.0,Moderate,Primary,2.0
Sylhet,Rural,Poorer,17,6.8,721.0,Female,104.0,Mild,Primary,6.0
Sylhet,Urban,Richest,31,11.8,886.0,Female,117.0,Not anemic,Higher,3.0
Sylhet,Urban,Richest,44,11.3,949.0,Female,113.0,Not anemic,Secondary,2.0
Sylhet,Urban,Richest,28,10.5,846.0,Female,112.0,Not anemic,Secondary,3.0
Sylhet,Rural,Richer,44,11.8,984.0,Female,112.0,Not anemic,Secondary,1.0
Sylhet,Rural,Richer,20,8.5,744.0,Female,110.0,Not anemic,Secondary,2.0
Sylhet,Rural,Middle,9,8.2,674.0,Female,114.0,Not anemic,Primary,4.0
Sylhet,Rural,Middle,10,6.5,675.0,Female,100.0,Mild,Primary,1.0
Sylhet,Rural,Middle,10,6.4,672.0,Female,97.0,Moderate,Primary,2.0
Sylhet,Rural,Poorer,59,14.2,1029.0,Female,117.0,Not anemic,Primary,6.0
Sylhet,Rural,Middle,55,12.1,937.0,Female,106.0,Mild,Primary,4.0
Sylhet,Rural,Poorest,39,11.4,898.0,Female,104.0,Mild,No education,9.0
Sylhet,Rural,Middle,34,10.9,777.0,Female,115.0,Not anemic,No education,13.0
Sylhet,Urban,Middle,33,11.9,866.0,Female,111.0,Not anemic,Secondary,1.0
Sylhet,Rural,Middle,38,11.3,920.0,Female,107.0,Mild,Secondary,2.0
Sylhet,Rural,Richer,26,7.7,706.0,Female,112.0,Not anemic,No education,3.0
Sylhet,Rural,Richest,30,10.3,863.0,Female,113.0,Not anemic,Secondary,4.0
Sylhet,Rural,Poorer,39,10.1,880.0,Female,115.0,Not anemic,Primary,2.0
Sylhet,Rural,Poorest,9,4.2,610.0,Female,97.0,Moderate,No education,4.0
Sylhet,Rural,Richest,34,10.7,861.0,Female,106.0,Mild,Secondary,1.0
Sylhet,Rural,Poorest,57,14.8,1036.0,Female,120.0,Not anemic,Primary,5.0
Sylhet,Rural,Richer,52,11.6,927.0,Female,122.0,Not anemic,Primary,4.0
Sylhet,Rural,Poorest,37,9.9,883.0,Female,123.0,Not anemic,Primary,2.0
Sylhet,Rural,Poorer,8,3.2,634.0,Female,102.0,Mild,Primary,2.0
Sylhet,Urban,Poorer,34,10.3,855.0,Female,120.0,Not anemic,Secondary,1.0
Sylhet,Urban,Poorest,39,10.9,859.0,Female,115.0,Not anemic,No education,3.0
Sylhet,Urban,Richest,15,9.4,791.0,Female,107.0,Mild,Secondary,4.0
Sylhet,Rural,Poorest,57,13.3,1003.0,Female,91.0,Moderate,No education,4.0
Sylhet,Rural,Poorer,52,10.2,916.0,Female,108.0,Mild,Primary,4.0
Sylhet,Rural,Richer,53,14.3,1024.0,Female,123.0,Not anemic,Primary,7.0
Sylhet,Rural,Poorer,18,7.7,756.0,Female,119.0,Not anemic,Secondary,3.0
Sylhet,Rural,Richest,11,7.4,710.0,Female,98.0,Moderate,Secondary,2.0
Sylhet,Rural,Richest,49,12.6,971.0,Female,124.0,Not anemic,Secondary,1.0
Sylhet,Rural,Middle,58,13.8,1004.0,Female,98.0,Moderate,Primary,2.0
Sylhet,Rural,Middle,31,10.9,866.0,Female,105.0,Mild,Primary,3.0
Sylhet,Urban,Richest,27,10.2,803.0,Female,106.0,Mild,Secondary,2.0
Sylhet,Rural,Richest,29,11.3,830.0,Female,126.0,Not anemic,Secondary,1.0
Sylhet,Rural,Richest,14,9.5,731.0,Female,89.0,Moderate,Secondary,4.0
Sylhet,Rural,Richest,45,12.1,931.0,Female,115.0,Not anemic,Secondary,4.0
Sylhet,Rural,Poorest,30,9.2,816.0,Female,120.0,Not anemic,Primary,6.0
Sylhet,Rural,Poorer,42,12.0,900.0,Female,124.0,Not anemic,Secondary,4.0
Sylhet,Rural,Poorest,56,10.6,907.0,Female,116.0,Not anemic,Primary,5.0
Sylhet,Rural,Poorest,53,10.6,893.0,Female,108.0,Mild,Secondary,2.0
Sylhet,Rural,Richer,22,9.3,810.0,Female,118.0,Not anemic,Secondary,2.0
Sylhet,Rural,Middle,6,5.2,575.0,Female,121.0,Not anemic,Secondary,3.0
Sylhet,Rural,Richer,50,13.2,1021.0,Female,105.0,Mild,Higher,1.0
Sylhet,Rural,Richer,44,11.4,936.0,Female,116.0,Not anemic,Primary,3.0
Sylhet,Rural,Poorest,31,8.6,811.0,Female,115.0,Not anemic,No education,4.0
Sylhet,Rural,Poorest,49,12.6,952.0,Female,113.0,Not anemic,No education,7.0
Sylhet,Rural,Poorest,56,12.3,971.0,Female,120.0,Not anemic,No education,3.0
Sylhet,Urban,Richest,14,7.5,686.0,Female,105.0,Mild,Secondary,4.0
Sylhet,Urban,Richer,27,10.1,872.0,Female,110.0,Not anemic,Primary,3.0
Sylhet,Urban,Richer,12,7.2,730.0,Female,117.0,Not anemic,Primary,4.0
Sylhet,Rural,Poorest,19,8.3,774.0,Female,86.0,Moderate,No education,6.0
Sylhet,Rural,Richer,21,8.9,740.0,Female,103.0,Mild,Secondary,1.0
Sylhet,Rural,Richer,49,18.0,1054.0,Female,110.0,Not anemic,No education,6.0
Sylhet,Rural,Richer,17,8.4,653.0,Female,109.0,Mild,No education,7.0
Sylhet,Rural,Poorer,46,15.2,963.0,Female,104.0,Mild,Primary,1.0
Sylhet,Rural,Richest,49,16.0,923.0,Female,119.0,Not anemic,Primary,3.0
Sylhet,Rural,Richest,23,9.8,923.0,Female,101.0,Mild,Primary,4.0
Sylhet,Rural,Poorest,58,13.2,938.0,Female,110.0,Not anemic,Primary,3.0
Sylhet,Rural,Poorest,29,9.0,787.0,Female,98.0,Moderate,Primary,4.0
Sylhet,Rural,Poorer,57,14.8,995.0,Female,122.0,Not anemic,Primary,1.0
Sylhet,Rural,Poorest,54,17.8,895.0,Female,100.0,Mild,Secondary,4.0
Sylhet,Urban,Middle,57,16.2,1002.0,Female,106.0,Mild,Secondary,4.0
Sylhet,Urban,Middle,28,9.4,798.0,Female,109.0,Mild,Secondary,5.0
Sylhet,Urban,Middle,48,12.0,945.0,Female,110.0,Not anemic,No education,4.0
Sylhet,Urban,Richer,23,8.5,821.0,Female,111.0,Not anemic,Higher,1.0
Sylhet,Rural,Middle,57,12.8,994.0,Female,121.0,Not anemic,Secondary,3.0
Sylhet,Rural,Middle,18,10.2,801.0,Female,88.0,Moderate,Secondary,4.0
Sylhet,Rural,Poorest,9,6.6,625.0,Female,115.0,Not anemic,No education,1.0
Sylhet,Rural,Poorer,37,9.9,878.0,Female,114.0,Not anemic,No education,6.0
Sylhet,Rural,Poorest,51,13.4,934.0,Female,93.0,Moderate,No education,2.0
Sylhet,Rural,Poorest,26,8.6,740.0,Female,103.0,Mild,No education,3.0
Sylhet,Rural,Middle,46,11.1,844.0,Female,137.0,Not anemic,No education,3.0
Sylhet,Rural,Richest,48,11.6,952.0,Female,129.0,Not anemic,Secondary,2.0
Sylhet,Rural,Poorer,6,5.2,588.0,Female,107.0,Mild,Primary,1.0
Sylhet,Rural,Middle,34,9.3,843.0,Female,114.0,Not anemic,Secondary,2.0
Sylhet,Rural,Richest,10,7.3,698.0,Female,90.0,Moderate,Secondary,3.0
Sylhet,Rural,Richest,6,7.5,675.0,Female,110.0,Not anemic,Secondary,2.0
Sylhet,Rural,Poorest,24,10.1,859.0,Female,124.0,Not anemic,No education,4.0
Sylhet,Rural,Poorer,58,15.6,1078.0,Female,122.0,Not anemic,No education,5.0
Sylhet,Rural,Poorer,21,8.9,812.0,Female,120.0,Not anemic,No education,6.0
Sylhet,Rural,Poorer,9,6.8,676.0,Female,85.0,Moderate,No education,5.0
Sylhet,Rural,Poorest,44,12.1,891.0,Female,115.0,Not anemic,No education,5.0
Sylhet,Rural,Poorest,12,6.9,679.0,Female,84.0,Moderate,No education,2.0
Sylhet,Rural,Poorest,47,12.0,930.0,Female,115.0,Not anemic,No education,8.0
Sylhet,Rural,Middle,24,9.9,818.0,Female,108.0,Mild,Secondary,3.0
Sylhet,Rural,Poorer,45,12.0,916.0,Female,110.0,Not anemic,Primary,5.0
Sylhet,Rural,Poorest,50,12.3,897.0,Female,120.0,Not anemic,No education,1.0
Sylhet,Rural,Richer,23,11.5,846.0,Female,106.0,Mild,Primary,9.0
Sylhet,Rural,Poorest,44,9.4,821.0,Female,103.0,Mild,No education,2.0
Sylhet,Rural,Poorest,7,4.7,636.0,Female,97.0,Moderate,No education,3.0
Sylhet,Urban,Middle,35,9.9,896.0,Female,110.0,Not anemic,No education,3.0
Sylhet,Urban,Richer,42,10.0,845.0,Female,125.0,Not anemic,Primary,2.0
Sylhet,Urban,Poorest,26,9.2,835.0,Female,99.0,Moderate,No education,2.0
Sylhet,Rural,Middle,38,10.8,881.0,Female,114.0,Not anemic,No education,2.0
Sylhet,Rural,Richer,11,7.5,708.0,Female,111.0,Not anemic,Primary,2.0
Sylhet,Rural,Richer,42,13.7,905.0,Female,116.0,Not anemic,Primary,1.0
Sylhet,Rural,Richer,30,8.7,823.0,Female,111.0,Not anemic,Primary,1.0
Sylhet,Rural,Richest,28,10.5,819.0,Female,94.0,Moderate,Secondary,2.0
Sylhet,Rural,Richest,58,15.3,1031.0,Female,112.0,Not anemic,Secondary,1.0
Sylhet,Rural,Richer,11,7.3,647.0,Female,99.0,Moderate,Primary,4.0
Sylhet,Rural,Poorer,49,11.5,898.0,Female,116.0,Not anemic,No education,2.0
Sylhet,Rural,Middle,34,8.8,784.0,Female,108.0,Mild,No education,1.0
Sylhet,Rural,Richest,13,9.2,695.0,Female,106.0,Mild,Secondary,1.0
Sylhet,Rural,Richest,13,6.5,677.0,Female,114.0,Not anemic,Primary,4.0
Sylhet,Rural,Richest,48,13.3,953.0,Female,108.0,Mild,Primary,7.0
Sylhet,Rural,Richest,48,22.9,1015.0,Female,117.0,Not anemic,Primary,4.0
Sylhet,Rural,Richest,10,8.9,705.0,Female,98.0,Moderate,Secondary,2.0
Sylhet,Rural,Richest,44,11.1,889.0,Female,130.0,Not anemic,Primary,3.0
Sylhet,Rural,Richest,27,9.0,789.0,Female,110.0,Not anemic,Secondary,1.0
Sylhet,Rural,Richest,58,15.9,1031.0,Female,129.0,Not anemic,Secondary,1.0
Sylhet,Rural,Richest,27,9.4,781.0,Female,127.0,Not anemic,Secondary,1.0
Sylhet,Urban,Poorest,7,6.8,658.0,Female,106.0,Mild,Secondary,2.0
Sylhet,Rural,Poorer,39,12.0,887.0,Female,116.0,Not anemic,Primary,1.0
Sylhet,Rural,Richest,18,7.9,763.0,Female,97.0,Moderate,Secondary,6.0
Sylhet,Rural,Richer,44,13.2,985.0,Female,115.0,Not anemic,No education,6.0
Sylhet,Rural,Middle,35,9.5,849.0,Female,132.0,Not anemic,Primary,5.0
Sylhet,Rural,Middle,48,12.1,946.0,Female,114.0,Not anemic,Secondary,2.0
Sylhet,Rural,Poorer,36,10.8,868.0,Female,94.0,Moderate,No education,8.0
Sylhet,Rural,Middle,59,13.4,982.0,Female,111.0,Not anemic,Primary,4.0
Sylhet,Rural,Poorer,27,9.0,793.0,Female,94.0,Moderate,Primary,2.0
Sylhet,Rural,Richest,37,10.6,849.0,Female,131.0,Not anemic,Primary,1.0
Sylhet,Rural,Richest,6,5.8,658.0,Female,111.0,Not anemic,Primary,1.0
Sylhet,Rural,Poorest,24,8.9,784.0,Female,95.0,Moderate,Primary,1.0
Sylhet,Rural,Poorer,59,12.3,968.0,Female,129.0,Not anemic,No education,2.0
Sylhet,Rural,Poorer,39,10.7,857.0,Female,95.0,Moderate,No education,8.0
Sylhet,Rural,Poorer,21,9.3,810.0,Female,121.0,Not anemic,No education,6.0
Sylhet,Urban,Richest,29,8.9,861.0,Female,126.0,Not anemic,Secondary,6.0
Sylhet,Urban,Richest,59,16.6,1046.0,Female,111.0,Not anemic,Primary,2.0
Sylhet,Rural,Poorest,16,7.0,698.0,Female,109.0,Mild,No education,1.0
Sylhet,Rural,Richest,9,6.9,678.0,Female,109.0,Mild,Primary,1.0
Sylhet,Rural,Poorest,31,9.5,806.0,Female,109.0,Mild,No education,4.0
Sylhet,Rural,Richer,54,12.2,900.0,Female,109.0,Mild,Secondary,4.0
Sylhet,Rural,Richer,18,9.9,775.0,Female,104.0,Mild,Secondary,5.0
Sylhet,Urban,Richest,42,13.8,921.0,Female,112.0,Not anemic,Higher,4.0
Sylhet,Urban,Richest,19,8.9,746.0,Female,101.0,Mild,Secondary,1.0
Sylhet,Urban,Richest,31,9.8,803.0,Female,124.0,Not anemic,Primary,1.0
Sylhet,Urban,Richest,48,14.1,972.0,Female,125.0,Not anemic,Primary,6.0
Sylhet,Urban,Richest,25,10.1,582.0,Female,62.0,Severe,Primary,7.0
Sylhet,Urban,Richest,25,9.3,814.0,Female,113.0,Not anemic,Secondary,1.0
Sylhet,Urban,Richer,25,9.4,771.0,Female,102.0,Mild,No education,3.0
Sylhet,Urban,Middle,35,10.1,803.0,Female,105.0,Mild,No education,5.0
Sylhet,Urban,Richer,23,8.9,775.0,Female,106.0,Mild,No education,1.0
Sylhet,Urban,Richer,8,7.5,681.0,Female,111.0,Not anemic,Primary,1.0
Sylhet,Urban,Richer,38,10.7,865.0,Female,83.0,Moderate,No education,3.0
Sylhet,Urban,Richest,46,11.0,895.0,Female,114.0,Not anemic,Secondary,1.0
Sylhet,Urban,Richest,49,14.6,1011.0,Female,112.0,Not anemic,Higher,2.0
Sylhet,Urban,Richest,47,11.4,898.0,Female,107.0,Mild,Secondary,1.0
Sylhet,Urban,Richest,30,9.9,860.0,Female,105.0,Mild,Secondary,2.0
Sylhet,Urban,Richest,36,11.1,914.0,Female,112.0,Not anemic,Primary,3.0
Sylhet,Urban,Richest,53,14.4,996.0,Female,109.0,Mild,Secondary,2.0
Sylhet,Urban,Richest,50,12.9,952.0,Female,122.0,Not anemic,Secondary,2.0
Sylhet,Urban,Richest,26,10.4,844.0,Female,123.0,Not anemic,Secondary,3.0
Sylhet,Urban,Richest,17,9.2,767.0,Female,118.0,Not anemic,No education,2.0
Sylhet,Rural,Richer,26,10.2,761.0,Female,108.0,Mild,Secondary,1.0
Sylhet,Rural,Middle,30,9.2,899.0,Female,113.0,Not anemic,Primary,5.0
Sylhet,Rural,Middle,32,11.7,882.0,Female,98.0,Moderate,No education,9.0
Sylhet,Rural,Poorest,44,10.1,874.0,Female,99.0,Moderate,Primary,1.0
Sylhet,Rural,Poorest,7,8.4,692.0,Female,92.0,Moderate,Primary,5.0
Sylhet,Rural,Richer,49,11.7,896.0,Female,114.0,Not anemic,No education,3.0
Sylhet,Rural,Richer,19,8.8,762.0,Female,104.0,Mild,Primary,3.0
Sylhet,Rural,Middle,50,12.3,934.0,Female,124.0,Not anemic,Primary,5.0
Sylhet,Urban,Richest,51,11.9,582.0,Female,129.0,Not anemic,Primary,4.0
Sylhet,Urban,Richest,19,9.2,878.0,Female,73.0,Moderate,Secondary,1.0
Sylhet,Rural,Poorest,42,9.9,852.0,Female,112.0,Not anemic,No education,7.0
Sylhet,Rural,Poorest,22,7.8,737.0,Female,112.0,Not anemic,Primary,2.0
