Region,Type of place of residence,Wealth index,Child_age_months,Childweight_kg1d,Childheight_cm1d,Sex,Hemoglobin,Anemia level,Mother_education,Birth_order
Barisal,Rural,Poorer,42,11.2,931.0,Male,99.0,Moderate,Primary,3.0
Barisal,Rural,Middle,45,14.1,1008.0,Male,108.0,Mild,Primary,3.0
Barisal,Rural,Poorer,12,7.2,696.0,Male,76.0,Moderate,Secondary,2.0
Barisal,Urban,Richest,56,17.5,1081.0,Male,112.0,Not anemic,Secondary,2.0
Barisal,Urban,Richest,40,16.8,955.0,Male,113.0,Not anemic,Secondary,1.0
Barisal,Urban,Richest,24,11.7,827.0,Male,118.0,Not anemic,Secondary,2.0
Barisal,Urban,Richest,20,10.6,819.0,Male,105.0,Mild,Higher,2.0
Barisal,Rural,Poorer,10,7.2,703.0,Male,83.0,Moderate,Primary,2.0
Barisal,Rural,Poorer,35,10.3,847.0,Male,94.0,Moderate,Secondary,1.0
Barisal,Rural,Poorer,22,8.8,781.0,Male,95.0,Moderate,Secondary,1.0
Barisal,Rural,Middle,26,10.4,801.0,Male,104.0,Mild,Primary,3.0
Barisal,Urban,Poorest,37,11.0,861.0,Male,118.0,Not anemic,Primary,4.0
Barisal,Rural,Poorest,33,10.4,841.0,Male,102.0,Mild,Secondary,2.0
Barisal,Rural,Middle,38,12.2,892.0,Male,124.0,Not anemic,Secondary,2.0
Barisal,Rural,Middle,53,14.0,989.0,Male,112.0,Not anemic,No education,5.0
Barisal,Rural,Middle,16,9.0,752.0,Male,97.0,Moderate,Secondary,4.0
Barisal,Rural,Richer,33,10.7,866.0,Male,117.0,Not anemic,Higher,1.0
Barisal,Rural,Middle,28,11.1,845.0,Male,105.0,Mild,Secondary,1.0
Barisal,Rural,Middle,59,15.7,1050.0,Male,96.0,Moderate,Primary,4.0
Barisal,Urban,Richer,40,15.2,1032.0,Male,104.0,Mild,Secondary,2.0
Barisal,Urban,Middle,14,8.4,535.0,Male,77.0,Moderate,Primary,4.0
Barisal,Rural,Richest,52,16.5,1041.0,Male,127.0,Not anemic,Secondary,2.0
Barisal,Rural,Richer,46,13.8,976.0,Male,119.0,Not anemic,Higher,4.0
Barisal,Rural,Poorer,10,9.0,715.0,Male,113.0,Not anemic,Primary,1.0
Barisal,Urban,Poorer,13,6.6,669.0,Male,86.0,Moderate,Primary,2.0
Barisal,Urban,Middle,49,14.1,1016.0,Male,110.0,Not anemic,No education,4.0
Barisal,Urban,Middle,25,10.9,830.0,Male,88.0,Moderate,Primary,2.0
Barisal,Urban,Richest,15,11.4,765.0,Male,117.0,Not anemic,Secondary,1.0
Barisal,Urban,Richest,56,20.9,1042.0,Male,135.0,Not anemic,Secondary,1.0
Barisal,Urban,Richest,50,16.0,1014.0,Male,115.0,Not anemic,Higher,2.0
Barisal,Urban,Poorer,35,11.7,851.0,Male,94.0,Moderate,Primary,2.0
Barisal,Urban,Middle,21,9.9,801.0,Male,89.0,Moderate,Primary,2.0
Barisal,Urban,Richest,12,8.0,777.0,Male,98.0,Moderate,Higher,1.0
Barisal,Urban,Richest,30,14.5,918.0,Male,116.0,Not anemic,Higher,1.0
Barisal,Urban,Richest,48,18.1,1056.0,Male,106.0,Mild,Higher,2.0
Barisal,Urban,Middle,49,14.2,1030.0,Male,116.0,Not anemic,Secondary,3.0
Barisal,Rural,Poorer,59,14.6,1064.0,Male,113.0,Not anemic,Primary,2.0
Barisal,Rural,Poorer,32,10.0,899.0,Male,104.0,Mild,Primary,1.0
Barisal,Rural,Poorer,16,8.8,733.0,Male,110.0,Not anemic,Primary,4.0
Barisal,Urban,Poorest,13,7.7,535.0,Male,94.0,Moderate,Secondary,3.0
Barisal,Urban,Poorest,24,8.4,728.0,Male,100.0,Mild,Primary,1.0
Barisal,Rural,Poorest,36,10.7,865.0,Male,91.0,Moderate,No education,4.0
Barisal,Rural,Poorest,13,8.3,742.0,Male,90.0,Moderate,Secondary,1.0
Barisal,Rural,Poorest,41,12.6,937.0,Male,102.0,Mild,Primary,1.0
Barisal,Rural,Poorest,39,13.4,956.0,Male,83.0,Moderate,No education,5.0
Barisal,Rural,Poorer,17,9.3,770.0,Male,107.0,Mild,Secondary,1.0
Barisal,Rural,Poorer,34,10.4,856.0,Male,100.0,Mild,Secondary,2.0
Barisal,Rural,Middle,18,8.6,722.0,Male,83.0,Moderate,Secondary,1.0
Barisal,Rural,Middle,49,13.3,618.0,Male,94.0,Moderate,Secondary,4.0
Barisal,Rural,Poorest,39,10.5,845.0,Male,92.0,Moderate,Secondary,2.0
Barisal,Rural,Middle,25,10.4,841.0,Male,123.0,Not anemic,Primary,3.0
Barisal,Rural,Poorest,15,7.6,786.0,Male,98.0,Moderate,Primary,2.0
Barisal,Urban,Richest,32,12.0,871.0,Male,95.0,Moderate,Secondary,3.0
Barisal,Urban,Richest,13,9.4,715.0,Male,121.0,Not anemic,Secondary,4.0
Barisal,Urban,Richest,36,11.1,892.0,Male,111.0,Not anemic,Secondary,1.0
Barisal,Urban,Richer,22,11.3,831.0,Male,119.0,Not anemic,Secondary,1.0
Barisal,Urban,Middle,31,16.8,897.0,Male,114.0,Not anemic,Primary,2.0
Barisal,Rural,Poorest,10,6.1,655.0,Male,91.0,Moderate,Primary,2.0
Barisal,Rural,Poorest,36,11.0,872.0,Male,117.0,Not anemic,No education,3.0
Barisal,Rural,Middle,47,11.8,918.0,Male,109.0,Mild,No education,5.0
Barisal,Rural,Poorest,37,9.5,814.0,Male,113.0,Not anemic,Secondary,2.0
Barisal,Rural,Poorest,12,7.1,772.0,Male,92.0,Moderate,Secondary,3.0
Barisal,Rural,Middle,41,12.8,918.0,Male,108.0,Mild,Primary,2.0
Barisal,Rural,Middle,43,10.8,892.0,Male,113.0,Not anemic,Primary,3.0
Barisal,Rural,Poorer,56,12.0,853.0,Male,123.0,Not anemic,No education,6.0
Barisal,Rural,Richer,36,11.3,882.0,Male,110.0,Not anemic,Secondary,3.0
Barisal,Rural,Middle,12,9.5,739.0,Male,106.0,Mild,Primary,2.0
Barisal,Rural,Middle,57,16.2,1018.0,Male,80.0,Moderate,Primary,2.0
Barisal,Rural,Poorest,12,6.4,691.0,Male,107.0,Mild,No education,7.0
Barisal,Rural,Middle,32,9.1,807.0,Male,114.0,Not anemic,Primary,1.0
Barisal,Rural,Poorest,40,10.2,914.0,Male,108.0,Mild,Primary,1.0
Barisal,Rural,Richer,17,9.5,819.0,Male,104.0,Mild,Secondary,1.0
Barisal,Urban,Poorer,59,13.5,999.0,Male,107.0,Mild,No education,3.0
Barisal,Urban,Poorer,47,12.8,981.0,Male,112.0,Not anemic,Primary,3.0
Barisal,Urban,Poorer,20,8.6,723.0,Male,111.0,Not anemic,Primary,4.0
Barisal,Urban,Poorer,18,7.8,733.0,Male,100.0,Mild,Primary,4.0
Barisal,Rural,Middle,45,13.9,973.0,Male,108.0,Mild,Primary,4.0
Barisal,Rural,Poorest,35,11.3,834.0,Male,106.0,Mild,Primary,2.0
Barisal,Rural,Poorest,56,15.7,1035.0,Male,117.0,Not anemic,Primary,3.0
Barisal,Rural,Poorest,40,11.3,887.0,Male,119.0,Not anemic,Primary,4.0
Barisal,Rural,Poorest,49,14.0,831.0,Male,111.0,Not anemic,Primary,2.0
Barisal,Rural,Poorer,11,8.6,717.0,Male,101.0,Mild,No education,1.0
Barisal,Rural,Poorer,10,8.4,750.0,Male,69.0,Severe,Secondary,2.0
Barisal,Rural,Poorer,49,13.5,972.0,Male,114.0,Not anemic,Primary,1.0
Barisal,Rural,Poorest,55,15.2,588.0,Male,105.0,Mild,No education,3.0
Barisal,Rural,Poorer,50,13.0,971.0,Male,103.0,Mild,Primary,5.0
Barisal,Rural,Poorest,27,10.4,852.0,Male,116.0,Not anemic,Primary,1.0
Barisal,Urban,Richer,57,12.9,987.0,Male,123.0,Not anemic,Secondary,1.0
Barisal,Rural,Middle,21,9.1,793.0,Male,121.0,Not anemic,Secondary,1.0
Barisal,Rural,Poorest,45,11.1,882.0,Male,101.0,Mild,Primary,1.0
Barisal,Rural,Middle,42,16.2,948.0,Male,120.0,Not anemic,Secondary,1.0
Barisal,Rural,Poorer,44,10.1,861.0,Male,113.0,Not anemic,Primary,1.0
Barisal,Urban,Richer,9,8.5,732.0,Male,105.0,Mild,Secondary,1.0
Barisal,Urban,Poorer,10,6.8,662.0,Male,90.0,Moderate,Secondary,2.0
Barisal,Urban,Richer,21,10.1,809.0,Male,102.0,Mild,Secondary,3.0
Barisal,Urban,Middle,39,12.8,909.0,Male,115.0,Not anemic,Secondary,1.0
Barisal,Rural,Poorer,18,7.3,713.0,Male,98.0,Moderate,Primary,3.0
Barisal,Rural,Richest,9,9.0,754.0,Male,99.0,Moderate,Secondary,1.0
Barisal,Urban,Richer,42,10.8,927.0,Male,95.0,Moderate,Secondary,2.0
Barisal,Urban,Richest,59,16.4,1050.0,Male,133.0,Not anemic,Secondary,1.0
Barisal,Rural,Poorest,42,12.6,914.0,Male,109.0,Mild,No education,6.0
Barisal,Rural,Poorer,25,10.1,846.0,Male,120.0,Not anemic,Secondary,1.0
Barisal,Rural,Poorer,15,8.0,726.0,Male,102.0,Mild,Primary,2.0
Barisal,Rural,Poorer,41,13.0,939.0,Male,113.0,Not anemic,Secondary,2.0
Barisal,Rural,Poorest,34,10.5,841.0,Male,128.0,Not anemic,Secondary,1.0
Barisal,Rural,Poorest,19,8.2,738.0,Male,87.0,Moderate,Primary,5.0
Barisal,Rural,Poorest,41,11.5,903.0,Male,100.0,Mild,No education,2.0
Barisal,Rural,Poorest,50,10.7,897.0,Male,117.0,Not anemic,Primary,2.0
Barisal,Rural,Richer,44,13.4,946.0,Male,104.0,Mild,Primary,3.0
Barisal,Urban,Richer,54,12.3,938.0,Male,112.0,Not anemic,Primary,1.0
Barisal,Urban,Richer,11,6.9,668.0,Male,114.0,Not anemic,Primary,1.0
Barisal,Urban,Richer,8,8.1,682.0,Male,117.0,Not anemic,Secondary,1.0
Barisal,Urban,Richer,44,11.4,917.0,Male,120.0,Not anemic,Secondary,1.0
Barisal,Rural,Richer,41,13.4,986.0,Male,103.0,Mild,Higher,2.0
Barisal,Rural,Richer,23,9.9,809.0,Male,83.0,Moderate,Higher,2.0
Barisal,Rural,Poorest,27,9.0,806.0,Male,100.0,Mild,Primary,5.0
Barisal,Rural,Richer,44,15.0,1053.0,Male,102.0,Mild,Secondary,1.0
Barisal,Rural,Poorer,55,14.1,1023.0,Male,112.0,Not anemic,Primary,3.0
Barisal,Urban,Richer,34,15.2,998.0,Male,111.0,Not anemic,Secondary,3.0
Barisal,Urban,Poorer,36,9.7,764.0,Male,112.0,Not anemic,Primary,3.0
Barisal,Rural,Middle,45,14.1,1014.0,Male,118.0,Not anemic,Secondary,1.0
Barisal,Rural,Poorest,9,6.1,623.0,Male,62.0,Severe,Secondary,2.0
Barisal,Rural,Richer,6,6.9,654.0,Male,84.0,Moderate,Secondary,2.0
Barisal,Rural,Poorest,21,7.9,749.0,Male,107.0,Mild,No education,3.0
Barisal,Urban,Middle,47,10.3,895.0,Male,112.0,Not anemic,Secondary,2.0
Barisal,Urban,Richer,47,14.1,994.0,Male,110.0,Not anemic,Secondary,1.0
Barisal,Rural,Poorer,15,8.0,727.0,Male,89.0,Moderate,No education,5.0
Barisal,Rural,Richer,50,14.8,1009.0,Male,106.0,Mild,Secondary,1.0
Chittagong,Rural,Poorest,28,11.3,833.0,Male,126.0,Not anemic,No education,9.0
Chittagong,Rural,Richer,45,11.8,938.0,Male,115.0,Not anemic,Secondary,4.0
Chittagong,Rural,Poorest,40,11.4,883.0,Male,121.0,Not anemic,No education,5.0
Chittagong,Rural,Richest,37,12.1,920.0,Male,111.0,Not anemic,Secondary,3.0
Chittagong,Urban,Richest,37,11.9,881.0,Male,112.0,Not anemic,Higher,3.0
Chittagong,Urban,Richest,46,13.0,936.0,Male,106.0,Mild,Secondary,1.0
Chittagong,Urban,Richest,10,6.8,662.0,Male,108.0,Mild,Secondary,2.0
Chittagong,Urban,Richest,48,13.9,1000.0,Male,100.0,Mild,Higher,1.0
Chittagong,Rural,Middle,49,11.8,943.0,Male,102.0,Mild,Primary,5.0
Chittagong,Rural,Richest,53,15.8,1055.0,Male,112.0,Not anemic,Secondary,3.0
Chittagong,Rural,Richest,8,8.9,709.0,Male,110.0,Not anemic,Secondary,1.0
Chittagong,Rural,Poorest,16,9.1,750.0,Male,88.0,Moderate,Primary,6.0
Chittagong,Rural,Richer,46,13.2,912.0,Male,116.0,Not anemic,Primary,2.0
Chittagong,Rural,Richer,6,6.6,665.0,Male,89.0,Moderate,Secondary,5.0
Chittagong,Rural,Poorer,19,11.2,792.0,Male,112.0,Not anemic,No education,5.0
Chittagong,Urban,Richest,22,8.5,795.0,Male,100.0,Mild,Secondary,1.0
Chittagong,Urban,Richer,34,18.6,1182.0,Male,113.0,Not anemic,No education,3.0
Chittagong,Urban,Richer,22,12.1,909.0,Male,121.0,Not anemic,No education,4.0
Chittagong,Urban,Middle,18,9.8,795.0,Male,92.0,Moderate,Primary,1.0
Chittagong,Rural,Richest,16,13.7,1180.0,Male,112.0,Not anemic,Secondary,1.0
Chittagong,Rural,Poorest,46,12.1,947.0,Male,112.0,Not anemic,No education,4.0
Chittagong,Rural,Poorest,33,10.4,810.0,Male,101.0,Mild,Primary,2.0
Chittagong,Rural,Poorest,8,7.5,685.0,Male,92.0,Moderate,Primary,3.0
Chittagong,Rural,Poorest,24,10.0,810.0,Male,102.0,Mild,Secondary,3.0
Chittagong,Rural,Richer,27,10.9,862.0,Male,108.0,Mild,Secondary,3.0
Chittagong,Rural,Poorer,12,6.9,672.0,Male,112.0,Not anemic,No education,10.0
Chittagong,Rural,Poorer,7,7.2,671.0,Male,109.0,Mild,Primary,1.0
Chittagong,Rural,Middle,31,10.2,846.0,Male,89.0,Moderate,No education,7.0
Chittagong,Rural,Middle,43,10.7,856.0,Male,106.0,Mild,Primary,3.0
Chittagong,Rural,Poorer,50,12.3,1004.0,Male,116.0,Not anemic,No education,2.0
Chittagong,Rural,Poorer,12,6.8,691.0,Male,101.0,Mild,No education,3.0
Chittagong,Rural,Poorest,59,12.3,999.0,Male,127.0,Not anemic,Primary,5.0
Chittagong,Rural,Richer,55,13.9,991.0,Male,115.0,Not anemic,No education,1.0
Chittagong,Rural,Richer,31,12.2,880.0,Male,122.0,Not anemic,No education,2.0
Chittagong,Rural,Richer,6,7.9,644.0,Male,116.0,Not anemic,No education,3.0
Chittagong,Rural,Richer,45,13.2,987.0,Male,107.0,Mild,Secondary,4.0
Chittagong,Rural,Richest,57,18.0,1082.0,Male,133.0,Not anemic,Higher,1.0
Chittagong,Rural,Richest,39,14.5,980.0,Male,124.0,Not anemic,Higher,2.0
Chittagong,Urban,Middle,44,16.1,983.0,Male,110.0,Not anemic,Secondary,1.0
Chittagong,Urban,Middle,9,9.1,704.0,Male,91.0,Moderate,Secondary,2.0
Chittagong,Rural,Middle,14,9.7,746.0,Male,103.0,Mild,Secondary,1.0
Chittagong,Rural,Richest,22,11.3,843.0,Male,108.0,Mild,Secondary,1.0
Chittagong,Rural,Middle,11,7.1,714.0,Male,78.0,Moderate,Secondary,3.0
Chittagong,Rural,Richest,37,12.7,923.0,Male,124.0,Not anemic,Secondary,2.0
Chittagong,Rural,Richer,19,11.7,812.0,Male,101.0,Mild,Higher,1.0
Chittagong,Rural,Richer,36,11.5,902.0,Male,98.0,Moderate,Secondary,2.0
Chittagong,Rural,Richer,53,13.9,1002.0,Male,101.0,Mild,Secondary,2.0
Chittagong,Rural,Richer,7,8.8,721.0,Male,99.0,Moderate,Secondary,3.0
Chittagong,Rural,Poorer,7,8.3,598.0,Male,117.0,Not anemic,Secondary,2.0
Chittagong,Rural,Richer,57,15.3,995.0,Male,123.0,Not anemic,Primary,5.0
Chittagong,Rural,Richer,59,15.8,992.0,Male,121.0,Not anemic,Primary,6.0
Chittagong,Rural,Middle,55,16.9,1105.0,Male,144.0,Not anemic,Higher,4.0
Chittagong,Urban,Richer,13,9.3,762.0,Male,91.0,Moderate,Secondary,1.0
Chittagong,Rural,Richer,23,9.7,814.0,Male,108.0,Mild,Secondary,2.0
Chittagong,Rural,Richest,8,7.9,698.0,Male,98.0,Moderate,Secondary,3.0
Chittagong,Rural,Poorer,51,13.0,911.0,Male,99.0,Moderate,Secondary,4.0
Chittagong,Rural,Poorer,18,9.2,774.0,Male,97.0,Moderate,Secondary,5.0
Chittagong,Rural,Richer,23,10.6,806.0,Male,96.0,Moderate,Secondary,3.0
Chittagong,Urban,Richest,13,9.1,743.0,Male,82.0,Moderate,Primary,1.0
Chittagong,Rural,Middle,49,12.4,956.0,Male,113.0,Not anemic,No education,5.0
Chittagong,Urban,Richest,26,12.3,682.0,Male,104.0,Mild,Secondary,4.0
Chittagong,Urban,Richest,6,5.6,622.0,Male,82.0,Moderate,Secondary,1.0
Chittagong,Urban,Middle,25,7.1,703.0,Male,94.0,Moderate,Primary,4.0
Chittagong,Urban,Richest,22,6.5,758.0,Male,118.0,Not anemic,Primary,1.0
Chittagong,Urban,Richest,47,17.9,1051.0,Male,106.0,Mild,Secondary,1.0
Chittagong,Urban,Richest,41,13.1,918.0,Male,102.0,Mild,Secondary,2.0
Chittagong,Urban,Middle,45,12.5,965.0,Male,122.0,Not anemic,No education,1.0
Chittagong,Urban,Richest,43,13.9,942.0,Male,95.0,Moderate,Secondary,1.0
Chittagong,Urban,Richest,47,12.2,875.0,Male,102.0,Mild,Primary,6.0
Chittagong,Urban,Richest,28,12.6,871.0,Male,105.0,Mild,Secondary,2.0
Chittagong,Urban,Richest,22,7.1,726.0,Male,84.0,Moderate,No education,1.0
Chittagong,Urban,Richest,49,10.9,951.0,Male,91.0,Moderate,Primary,6.0
Chittagong,Urban,Richest,43,13.9,966.0,Male,139.0,Not anemic,Higher,1.0
Chittagong,Urban,Richer,52,13.7,987.0,Male,106.0,Mild,Primary,3.0
Chittagong,Urban,Richest,58,13.3,965.0,Male,118.0,Not anemic,No education,2.0
Chittagong,Urban,Richer,37,14.1,982.0,Male,111.0,Not anemic,Secondary,2.0
Chittagong,Rural,Poorest,54,12.0,953.0,Male,126.0,Not anemic,Primary,2.0
Chittagong,Rural,Middle,13,7.6,702.0,Male,91.0,Moderate,Primary,2.0
Chittagong,Rural,Poorer,41,13.1,951.0,Male,99.0,Moderate,No education,5.0
Chittagong,Rural,Middle,43,10.6,875.0,Male,127.0,Not anemic,Primary,4.0
Chittagong,Rural,Poorer,45,10.6,913.0,Male,92.0,Moderate,No education,6.0
Chittagong,Urban,Richest,41,13.1,959.0,Male,112.0,Not anemic,Higher,1.0
Chittagong,Urban,Richest,57,8.0,1052.0,Male,109.0,Mild,Secondary,1.0
Chittagong,Urban,Poorer,53,10.2,887.0,Male,111.0,Not anemic,Primary,4.0
Chittagong,Rural,Richer,34,12.1,856.0,Male,106.0,Mild,Primary,6.0
Chittagong,Rural,Richest,7,7.0,677.0,Male,100.0,Mild,Secondary,3.0
Chittagong,Rural,Richer,39,11.2,872.0,Male,115.0,Not anemic,No education,3.0
Chittagong,Urban,Richest,58,18.1,1097.0,Male,124.0,Not anemic,Secondary,2.0
Chittagong,Urban,Richest,8,7.1,658.0,Male,103.0,Mild,Secondary,1.0
Chittagong,Urban,Richest,13,8.7,722.0,Male,94.0,Moderate,Primary,1.0
Chittagong,Urban,Middle,35,9.8,842.0,Male,102.0,Mild,Primary,7.0
Chittagong,Urban,Richest,24,9.5,802.0,Male,117.0,Not anemic,Primary,1.0
Chittagong,Urban,Middle,51,15.1,971.0,Male,108.0,Mild,Secondary,2.0
Chittagong,Rural,Richer,18,9.1,773.0,Male,91.0,Moderate,No education,5.0
Chittagong,Rural,Middle,57,14.8,1088.0,Male,125.0,Not anemic,No education,4.0
Chittagong,Rural,Middle,6,7.5,652.0,Male,99.0,Moderate,No education,5.0
Chittagong,Urban,Richest,54,16.2,1078.0,Male,118.0,Not anemic,Higher,2.0
Chittagong,Rural,Middle,7,8.7,661.0,Male,110.0,Not anemic,Secondary,1.0
Chittagong,Rural,Middle,8,8.1,682.0,Male,91.0,Moderate,Secondary,1.0
Chittagong,Urban,Richest,28,9.8,825.0,Male,115.0,Not anemic,Primary,3.0
Chittagong,Rural,Poorer,54,14.2,1041.0,Male,112.0,Not anemic,Primary,4.0
Chittagong,Urban,Middle,56,14.1,1045.0,Male,119.0,Not anemic,Primary,2.0
Chittagong,Urban,Middle,49,13.0,910.0,Male,70.0,Moderate,Primary,4.0
Chittagong,Rural,Poorest,33,10.5,879.0,Male,104.0,Mild,No education,4.0
Chittagong,Rural,Richer,44,15.7,1033.0,Male,125.0,Not anemic,Primary,2.0
Chittagong,Rural,Richer,14,11.0,750.0,Male,111.0,Not anemic,Secondary,1.0
Chittagong,Rural,Poorest,19,8.6,721.0,Male,102.0,Mild,Primary,3.0
Chittagong,Rural,Poorer,50,13.4,969.0,Male,118.0,Not anemic,Secondary,2.0
Chittagong,Rural,Richest,41,12.1,897.0,Male,108.0,Mild,Primary,2.0
Chittagong,Rural,Middle,49,12.5,978.0,Male,119.0,Not anemic,Primary,3.0
Chittagong,Rural,Middle,56,15.8,1001.0,Male,106.0,Mild,Primary,1.0
Chittagong,Rural,Poorer,57,10.5,906.0,Male,107.0,Mild,No education,3.0
Chittagong,Rural,Poorer,10,7.0,689.0,Male,101.0,Mild,Primary,1.0
Chittagong,Rural,Richer,22,9.2,895.0,Male,112.0,Not anemic,Primary,2.0
Chittagong,Rural,Richest,30,9.8,848.0,Male,96.0,Moderate,Primary,1.0
Chittagong,Urban,Richer,23,10.1,854.0,Male,129.0,Not anemic,Secondary,2.0
Chittagong,Urban,Poorer,25,11.3,831.0,Male,104.0,Mild,No education,4.0
Chittagong,Urban,Middle,53,14.0,1008.0,Male,119.0,Not anemic,Secondary,1.0
Chittagong,Urban,Richer,32,13.3,932.0,Male,105.0,Mild,Higher,2.0
Chittagong,Urban,Middle,6,7.8,691.0,Male,122.0,Not anemic,Primary,4.0
Chittagong,Rural,Poorer,56,17.3,1037.0,Male,120.0,Not anemic,Primary,1.0
Chittagong,Rural,Poorest,43,15.1,963.0,Male,108.0,Mild,No education,1.0
Chittagong,Rural,Poorest,17,7.6,694.0,Male,75.0,Moderate,Primary,1.0
Chittagong,Rural,Poorer,33,11.5,868.0,Male,108.0,Mild,Primary,4.0
Chittagong,Rural,Richest,6,8.3,665.0,Male,105.0,Mild,Secondary,2.0
Chittagong,Rural,Poorer,10,8.4,698.0,Male,100.0,Mild,Primary,1.0
Chittagong,Rural,Richer,6,6.8,675.0,Male,121.0,Not anemic,Secondary,1.0
Chittagong,Rural,Richest,43,12.1,932.0,Male,123.0,Not anemic,Secondary,1.0
Chittagong,Rural,Poorer,6,7.1,643.0,Male,103.0,Mild,No education,6.0
Chittagong,Rural,Richer,8,8.0,702.0,Male,112.0,Not anemic,Primary,2.0
Chittagong,Rural,Richer,58,14.0,1027.0,Male,105.0,Mild,Secondary,2.0
Chittagong,Rural,Richer,47,12.0,967.0,Male,114.0,Not anemic,Secondary,3.0
Chittagong,Rural,Poorest,45,13.9,927.0,Male,105.0,Mild,Secondary,3.0
Chittagong,Rural,Richer,52,14.3,995.0,Male,112.0,Not anemic,Primary,2.0
Chittagong,Rural,Middle,14,9.3,766.0,Male,101.0,Mild,Secondary,1.0
Chittagong,Urban,Richer,53,13.0,1009.0,Male,107.0,Mild,Primary,3.0
Chittagong,Urban,Richest,28,11.6,885.0,Male,107.0,Mild,Secondary,3.0
Chittagong,Rural,Poorer,50,15.2,972.0,Male,115.0,Not anemic,No education,9.0
Chittagong,Rural,Poorer,7,6.6,680.0,Male,89.0,Moderate,Secondary,1.0
Chittagong,Rural,Poorer,6,6.7,665.0,Male,93.0,Moderate,Primary,1.0
Chittagong,Rural,Poorer,45,13.8,978.0,Male,118.0,Not anemic,No education,3.0
Chittagong,Rural,Poorer,32,9.6,810.0,Male,87.0,Moderate,No education,4.0
Chittagong,Rural,Middle,11,8.2,705.0,Male,74.0,Moderate,Secondary,3.0
Chittagong,Rural,Poorer,17,8.3,761.0,Male,96.0,Moderate,Secondary,2.0
Chittagong,Rural,Richer,54,11.3,931.0,Male,96.0,Moderate,Secondary,1.0
Chittagong,Rural,Poorest,19,9.3,733.0,Male,103.0,Mild,No education,8.0
Chittagong,Rural,Richer,27,10.8,835.0,Male,121.0,Not anemic,Primary,3.0
Chittagong,Rural,Richer,44,14.6,1036.0,Male,109.0,Mild,Secondary,1.0
Chittagong,Urban,Poorest,32,10.8,853.0,Male,112.0,Not anemic,Primary,1.0
Chittagong,Urban,Poorer,11,7.1,680.0,Male,88.0,Moderate,Primary,1.0
Chittagong,Rural,Middle,28,9.0,667.0,Male,102.0,Mild,Primary,2.0
Chittagong,Rural,Middle,26,10.2,801.0,Male,102.0,Mild,Primary,5.0
Chittagong,Rural,Poorest,36,10.4,853.0,Male,103.0,Mild,Secondary,3.0
Chittagong,Rural,Poorest,7,8.1,692.0,Male,98.0,Moderate,No education,4.0
Chittagong,Urban,Poorer,30,12.0,916.0,Male,122.0,Not anemic,Secondary,1.0
Chittagong,Rural,Poorer,48,16.5,1016.0,Male,128.0,Not anemic,No education,1.0
Chittagong,Rural,Richer,48,13.4,951.0,Male,105.0,Mild,Higher,2.0
Chittagong,Rural,Richer,47,11.1,943.0,Male,111.0,Not anemic,Secondary,2.0
Chittagong,Rural,Poorest,35,10.1,830.0,Male,112.0,Not anemic,Secondary,2.0
Chittagong,Rural,Poorest,31,11.4,840.0,Male,105.0,Mild,Primary,1.0
Chittagong,Rural,Poorest,47,14.4,965.0,Male,128.0,Not anemic,Primary,1.0
Chittagong,Rural,Poorest,11,7.4,694.0,Male,113.0,Not anemic,Primary,6.0
Chittagong,Rural,Richer,6,7.0,695.0,Male,103.0,Mild,Secondary,2.0
Chittagong,Rural,Richest,37,13.2,975.0,Male,121.0,Not anemic,Higher,1.0
Chittagong,Rural,Poorest,53,14.4,980.0,Male,110.0,Not anemic,No education,3.0
Chittagong,Rural,Poorest,33,12.8,913.0,Male,105.0,Mild,No education,4.0
Chittagong,Urban,Richest,28,9.8,809.0,Male,117.0,Not anemic,Secondary,1.0
Chittagong,Rural,Poorer,22,9.7,829.0,Male,100.0,Mild,Secondary,1.0
Chittagong,Rural,Poorer,41,11.5,851.0,Male,95.0,Moderate,Secondary,2.0
Chittagong,Rural,Richer,22,9.0,795.0,Male,101.0,Mild,Secondary,4.0
Chittagong,Rural,Richer,11,7.4,594.0,Male,108.0,Mild,Secondary,1.0
Chittagong,Rural,Richer,10,8.5,688.0,Male,99.0,Moderate,Secondary,1.0
Chittagong,Rural,Middle,28,11.1,785.0,Male,107.0,Mild,Secondary,1.0
Chittagong,Rural,Richer,54,13.3,990.0,Male,98.0,Moderate,Primary,4.0
Chittagong,Rural,Richer,10,8.7,730.0,Male,117.0,Not anemic,Secondary,1.0
Chittagong,Rural,Richer,18,9.3,775.0,Male,119.0,Not anemic,Secondary,1.0
Chittagong,Rural,Poorest,22,9.7,784.0,Male,95.0,Moderate,No education,3.0
Chittagong,Rural,Poorest,13,8.3,716.0,Male,91.0,Moderate,Primary,3.0
Chittagong,Rural,Poorest,37,13.0,950.0,Male,114.0,Not anemic,No education,6.0
Chittagong,Urban,Richest,29,9.3,794.0,Male,119.0,Not anemic,Secondary,2.0
Chittagong,Urban,Richest,29,12.5,993.0,Male,116.0,Not anemic,Secondary,2.0
Chittagong,Urban,Richer,58,12.3,915.0,Male,115.0,Not anemic,Secondary,1.0
Chittagong,Rural,Richer,39,12.5,941.0,Male,116.0,Not anemic,Primary,1.0
Chittagong,Rural,Richest,37,13.1,923.0,Male,128.0,Not anemic,Higher,1.0
Chittagong,Rural,Middle,52,14.7,988.0,Male,114.0,Not anemic,Secondary,1.0
Chittagong,Rural,Poorer,17,10.2,768.0,Male,116.0,Not anemic,Secondary,2.0
Chittagong,Rural,Richer,41,11.3,927.0,Male,96.0,Moderate,Higher,3.0
Chittagong,Urban,Richer,52,13.7,991.0,Male,113.0,Not anemic,Secondary,2.0
Chittagong,Rural,Poorer,13,7.5,686.0,Male,122.0,Not anemic,Secondary,3.0
Chittagong,Rural,Richer,56,15.2,1025.0,Male,118.0,Not anemic,Secondary,4.0
Chittagong,Rural,Richer,56,16.0,1009.0,Male,115.0,Not anemic,Secondary,4.0
Chittagong,Urban,Poorest,59,14.4,969.0,Male,102.0,Mild,Primary,1.0
Chittagong,Urban,Poorer,41,9.2,824.0,Male,130.0,Not anemic,Primary,1.0
Chittagong,Urban,Poorest,32,6.4,737.0,Male,89.0,Moderate,Primary,4.0
Chittagong,Urban,Poorest,32,10.1,804.0,Male,108.0,Mild,Primary,5.0
Chittagong,Rural,Poorer,18,8.9,752.0,Male,79.0,Moderate,Primary,1.0
Chittagong,Rural,Poorest,14,7.6,752.0,Male,81.0,Moderate,Primary,2.0
Chittagong,Rural,Poorest,45,9.6,780.0,Male,67.0,Severe,No education,5.0
Chittagong,Rural,Poorest,6,6.3,660.0,Male,106.0,Mild,Primary,3.0
Chittagong,Rural,Poorest,53,11.7,905.0,Male,115.0,Not anemic,No education,4.0
Chittagong,Rural,Richest,11,8.1,733.0,Male,106.0,Mild,Secondary,1.0
Chittagong,Rural,Poorest,31,9.9,839.0,Male,119.0,Not anemic,Primary,3.0
Chittagong,Rural,Richer,36,13.7,987.0,Male,111.0,Not anemic,Primary,5.0
Chittagong,Rural,Richest,17,10.4,774.0,Male,91.0,Moderate,Secondary,1.0
Chittagong,Rural,Poorest,48,13.4,926.0,Male,91.0,Moderate,Secondary,2.0
Chittagong,Rural,Poorer,43,10.8,851.0,Male,113.0,Not anemic,No education,3.0
Chittagong,Rural,Poorest,18,9.9,773.0,Male,82.0,Moderate,Secondary,1.0
Chittagong,Urban,Richest,57,16.1,1049.0,Male,134.0,Not anemic,Secondary,1.0
Chittagong,Urban,Richer,57,15.5,1041.0,Male,109.0,Mild,Secondary,1.0
Chittagong,Urban,Richer,10,8.5,712.0,Male,113.0,Not anemic,Secondary,2.0
Chittagong,Rural,Richest,44,14.8,978.0,Male,122.0,Not anemic,Secondary,4.0
Chittagong,Rural,Richest,16,9.5,779.0,Male,117.0,Not anemic,Higher,2.0
Chittagong,Rural,Poorest,40,12.4,917.0,Male,118.0,Not anemic,Primary,3.0
Chittagong,Rural,Poorest,8,6.5,633.0,Male,101.0,Mild,Primary,4.0
Dhaka,Urban,Richest,50,27.7,1169.0,Male,139.0,Not anemic,Higher,2.0
Dhaka,Urban,Richer,53,12.3,991.0,Male,113.0,Not anemic,Primary,2.0
Dhaka,Urban,Richer,52,11.8,925.0,Male,109.0,Mild,Secondary,1.0
Dhaka,Urban,Richest,15,8.4,728.0,Male,90.0,Moderate,Higher,1.0
Dhaka,Urban,Richest,48,11.1,858.0,Male,108.0,Mild,Primary,2.0
Dhaka,Urban,Richest,25,11.3,830.0,Male,94.0,Moderate,Secondary,2.0
Dhaka,Urban,Richest,43,13.8,966.0,Male,117.0,Not anemic,No education,4.0
Dhaka,Urban,Richest,31,10.3,810.0,Male,87.0,Moderate,No education,1.0
Dhaka,Urban,Richest,56,18.7,1091.0,Male,127.0,Not anemic,Higher,3.0
Dhaka,Urban,Richest,48,11.1,932.0,Male,112.0,Not anemic,Secondary,1.0
Dhaka,Urban,Richer,52,16.2,1002.0,Male,122.0,Not anemic,Primary,3.0
Dhaka,Urban,Richer,54,13.6,951.0,Male,116.0,Not anemic,Primary,1.0
Dhaka,Urban,Richest,18,9.4,762.0,Male,89.0,Moderate,Primary,1.0
Dhaka,Urban,Richest,55,16.5,1101.0,Male,115.0,Not anemic,Secondary,2.0
Dhaka,Urban,Richest,46,12.8,944.0,Male,121.0,Not anemic,Primary,1.0
Dhaka,Urban,Richer,7,9.1,666.0,Male,107.0,Mild,Secondary,1.0
Dhaka,Urban,Richest,31,11.9,906.0,Male,111.0,Not anemic,Higher,3.0
Dhaka,Urban,Richest,11,9.8,738.0,Male,113.0,Not anemic,Higher,2.0
Dhaka,Urban,Richest,24,9.1,773.0,Male,110.0,Not anemic,Secondary,2.0
Dhaka,Urban,Richest,35,21.5,1168.0,Male,129.0,Not anemic,Higher,1.0
Dhaka,Urban,Richest,27,10.3,864.0,Male,118.0,Not anemic,Secondary,2.0
Dhaka,Urban,Richest,9,9.7,715.0,Male,84.0,Moderate,Secondary,2.0
Dhaka,Urban,Richest,33,11.7,831.0,Male,122.0,Not anemic,No education,3.0
Dhaka,Urban,Richest,40,13.1,906.0,Male,122.0,Not anemic,Secondary,1.0
Dhaka,Urban,Richest,47,14.1,1010.0,Male,126.0,Not anemic,Secondary,1.0
Dhaka,Urban,Richer,17,9.7,729.0,Male,106.0,Mild,Secondary,1.0
Dhaka,Urban,Richest,15,9.8,823.0,Male,106.0,Mild,Secondary,2.0
Dhaka,Rural,Richer,28,10.7,964.0,Male,105.0,Mild,Secondary,2.0
Dhaka,Rural,Richest,32,11.3,867.0,Male,107.0,Mild,Secondary,2.0
Dhaka,Urban,Richest,38,10.9,851.0,Male,62.0,Severe,No education,3.0
Dhaka,Urban,Richest,53,15.1,1042.0,Male,144.0,Not anemic,Higher,2.0
Dhaka,Urban,Richest,46,10.3,924.0,Male,88.0,Moderate,Secondary,2.0
Dhaka,Urban,Richest,29,9.6,878.0,Male,112.0,Not anemic,Primary,1.0
Dhaka,Urban,Richest,19,11.4,863.0,Male,124.0,Not anemic,Higher,2.0
Dhaka,Urban,Richest,33,10.8,889.0,Male,123.0,Not anemic,Secondary,1.0
Dhaka,Urban,Richest,40,20.1,957.0,Male,115.0,Not anemic,Higher,2.0
Dhaka,Urban,Richest,18,10.8,751.0,Male,121.0,Not anemic,Primary,1.0
Dhaka,Rural,Poorest,50,14.1,1020.0,Male,113.0,Not anemic,Primary,2.0
Dhaka,Rural,Richer,18,10.0,752.0,Male,91.0,Moderate,Secondary,2.0
Dhaka,Rural,Poorest,16,10.6,807.0,Male,105.0,Mild,Primary,1.0
Dhaka,Rural,Poorest,45,12.1,905.0,Male,100.0,Mild,Secondary,2.0
Dhaka,Rural,Poorer,31,11.1,853.0,Male,112.0,Not anemic,No education,2.0
Dhaka,Rural,Poorer,19,10.1,795.0,Male,101.0,Mild,No education,3.0
Dhaka,Rural,Poorer,21,12.4,801.0,Male,88.0,Moderate,No education,1.0
Dhaka,Urban,Richest,24,9.5,809.0,Male,113.0,Not anemic,Secondary,1.0
Dhaka,Urban,Richest,25,11.2,850.0,Male,102.0,Mild,Secondary,2.0
Dhaka,Urban,Richest,40,15.1,957.0,Male,110.0,Not anemic,No education,3.0
Dhaka,Urban,Richest,28,12.9,924.0,Male,116.0,Not anemic,Secondary,1.0
Dhaka,Urban,Richest,12,7.9,716.0,Male,78.0,Moderate,Higher,1.0
Dhaka,Urban,Richer,13,8.0,726.0,Male,97.0,Moderate,Secondary,1.0
Dhaka,Urban,Richest,18,11.1,807.0,Male,111.0,Not anemic,Primary,2.0
Dhaka,Urban,Middle,36,12.4,896.0,Male,122.0,Not anemic,Secondary,1.0
Dhaka,Rural,Poorer,56,14.4,1052.0,Male,123.0,Not anemic,Secondary,3.0
Dhaka,Rural,Richer,10,7.5,686.0,Male,107.0,Mild,Secondary,2.0
Dhaka,Rural,Poorest,49,9.9,895.0,Male,109.0,Mild,Secondary,1.0
Dhaka,Rural,Poorest,12,7.3,712.0,Male,100.0,Mild,Secondary,2.0
Dhaka,Rural,Middle,45,13.7,1017.0,Male,107.0,Mild,Secondary,2.0
Dhaka,Rural,Middle,49,12.6,907.0,Male,118.0,Not anemic,Primary,3.0
Dhaka,Rural,Middle,13,8.8,743.0,Male,101.0,Mild,Primary,1.0
Dhaka,Urban,Richer,21,11.7,871.0,Male,108.0,Mild,Primary,4.0
Dhaka,Rural,Poorer,19,9.0,761.0,Male,98.0,Moderate,Primary,3.0
Dhaka,Rural,Richer,48,15.6,1006.0,Male,114.0,Not anemic,Higher,2.0
Dhaka,Rural,Richer,18,9.6,763.0,Male,107.0,Mild,Higher,3.0
Dhaka,Rural,Poorest,18,8.2,755.0,Male,102.0,Mild,Secondary,1.0
Dhaka,Rural,Richer,30,11.0,899.0,Male,110.0,Not anemic,Secondary,1.0
Dhaka,Rural,Poorer,17,9.2,757.0,Male,86.0,Moderate,Primary,1.0
Dhaka,Rural,Poorest,26,9.0,817.0,Male,116.0,Not anemic,No education,4.0
Dhaka,Urban,Middle,11,9.0,714.0,Male,90.0,Moderate,Primary,1.0
Dhaka,Urban,Richer,17,9.6,736.0,Male,109.0,Mild,Secondary,1.0
Dhaka,Rural,Poorest,49,12.2,943.0,Male,116.0,Not anemic,No education,4.0
Dhaka,Rural,Poorer,18,10.8,811.0,Male,111.0,Not anemic,Secondary,1.0
Dhaka,Rural,Middle,44,12.7,976.0,Male,95.0,Moderate,Secondary,3.0
Dhaka,Rural,Poorer,12,7.5,717.0,Male,97.0,Moderate,Primary,1.0
Dhaka,Rural,Middle,34,11.8,871.0,Male,125.0,Not anemic,Primary,1.0
Dhaka,Rural,Poorer,35,9.8,830.0,Male,110.0,Not anemic,Primary,2.0
Dhaka,Rural,Middle,14,8.8,747.0,Male,119.0,Not anemic,Secondary,2.0
Dhaka,Rural,Poorest,24,11.0,832.0,Male,89.0,Moderate,Secondary,1.0
Dhaka,Rural,Poorer,35,11.2,891.0,Male,94.0,Moderate,No education,3.0
Dhaka,Rural,Middle,36,13.6,947.0,Male,102.0,Mild,Primary,3.0
Dhaka,Rural,Richer,8,8.6,717.0,Male,116.0,Not anemic,Secondary,3.0
Dhaka,Rural,Richer,32,11.4,879.0,Male,105.0,Mild,Secondary,2.0
Dhaka,Rural,Richer,8,8.6,720.0,Male,84.0,Moderate,Secondary,3.0
Dhaka,Rural,Poorer,25,9.5,848.0,Male,117.0,Not anemic,Secondary,1.0
Dhaka,Rural,Middle,32,10.3,879.0,Male,114.0,Not anemic,Secondary,1.0
Dhaka,Rural,Richer,45,14.7,982.0,Male,110.0,Not anemic,Secondary,1.0
Dhaka,Rural,Richer,14,9.1,743.0,Male,114.0,Not anemic,Secondary,1.0
Dhaka,Rural,Middle,59,14.8,1030.0,Male,109.0,Mild,Secondary,1.0
Dhaka,Rural,Richer,41,14.1,987.0,Male,115.0,Not anemic,Higher,1.0
Dhaka,Rural,Poorest,14,7.7,731.0,Male,123.0,Not anemic,No education,3.0
Dhaka,Rural,Poorest,56,14.0,982.0,Male,114.0,Not anemic,Primary,1.0
Dhaka,Rural,Poorest,27,9.9,807.0,Male,110.0,Not anemic,Primary,2.0
Dhaka,Rural,Richer,39,11.5,863.0,Male,128.0,Not anemic,No education,3.0
Dhaka,Rural,Poorer,23,8.8,763.0,Male,116.0,Not anemic,Primary,1.0
Dhaka,Rural,Richer,51,14.6,1009.0,Male,128.0,Not anemic,Secondary,1.0
Dhaka,Rural,Poorest,49,13.8,972.0,Male,97.0,Moderate,No education,3.0
Dhaka,Urban,Poorest,45,12.7,931.0,Male,109.0,Mild,No education,3.0
Dhaka,Urban,Middle,19,8.6,755.0,Male,109.0,Mild,Primary,2.0
Dhaka,Urban,Richer,39,10.7,919.0,Male,112.0,Not anemic,Primary,1.0
Dhaka,Rural,Poorer,48,13.0,1000.0,Male,117.0,Not anemic,Primary,1.0
Dhaka,Rural,Poorer,16,8.8,736.0,Male,93.0,Moderate,Primary,2.0
Dhaka,Rural,Poorest,26,9.1,825.0,Male,88.0,Moderate,No education,5.0
Dhaka,Rural,Middle,18,9.2,742.0,Male,97.0,Moderate,Secondary,1.0
Dhaka,Rural,Middle,48,12.8,953.0,Male,117.0,Not anemic,Secondary,1.0
Dhaka,Rural,Richer,12,7.9,705.0,Male,89.0,Moderate,Primary,3.0
Dhaka,Rural,Middle,20,9.1,814.0,Male,85.0,Moderate,Secondary,3.0
Dhaka,Rural,Middle,56,14.5,1029.0,Male,107.0,Mild,Higher,2.0
Dhaka,Rural,Poorest,47,9.9,802.0,Male,83.0,Moderate,No education,5.0
Dhaka,Rural,Middle,35,17.5,859.0,Male,108.0,Mild,Primary,3.0
Dhaka,Rural,Middle,55,10.8,914.0,Male,107.0,Mild,No education,10.0
Dhaka,Rural,Middle,56,11.2,891.0,Male,122.0,Not anemic,Primary,3.0
Dhaka,Urban,Richest,10,8.5,710.0,Male,110.0,Not anemic,Secondary,2.0
Dhaka,Urban,Richest,9,8.0,720.0,Male,78.0,Moderate,Secondary,1.0
Dhaka,Urban,Middle,47,10.6,893.0,Male,115.0,Not anemic,Primary,5.0
Dhaka,Urban,Middle,19,7.7,760.0,Male,96.0,Moderate,Primary,6.0
Dhaka,Rural,Poorest,36,11.2,862.0,Male,107.0,Mild,Primary,6.0
Dhaka,Rural,Poorest,10,8.3,736.0,Male,75.0,Moderate,Primary,7.0
Dhaka,Rural,Poorest,6,5.8,603.0,Male,70.0,Moderate,No education,1.0
Dhaka,Rural,Richer,30,10.3,861.0,Male,121.0,Not anemic,Higher,3.0
Dhaka,Rural,Poorest,33,8.6,763.0,Male,121.0,Not anemic,No education,3.0
Dhaka,Rural,Poorest,33,9.6,803.0,Male,120.0,Not anemic,Primary,1.0
Dhaka,Rural,Poorest,44,14.0,972.0,Male,108.0,Mild,No education,7.0
Dhaka,Rural,Poorer,14,8.1,696.0,Male,102.0,Mild,Primary,3.0
Dhaka,Rural,Poorer,27,10.2,813.0,Male,115.0,Not anemic,Primary,2.0
Dhaka,Rural,Poorer,16,8.0,733.0,Male,114.0,Not anemic,Primary,2.0
Dhaka,Rural,Poorer,30,9.9,821.0,Male,110.0,Not anemic,Primary,1.0
Dhaka,Rural,Poorer,19,10.1,780.0,Male,95.0,Moderate,Primary,2.0
Dhaka,Rural,Poorest,52,13.2,962.0,Male,117.0,Not anemic,No education,4.0
Dhaka,Rural,Middle,57,16.3,978.0,Male,113.0,Not anemic,Secondary,1.0
Dhaka,Rural,Middle,36,13.1,870.0,Male,121.0,Not anemic,Secondary,2.0
Dhaka,Rural,Middle,59,14.6,980.0,Male,136.0,Not anemic,Primary,3.0
Dhaka,Rural,Middle,53,14.1,1010.0,Male,125.0,Not anemic,Primary,1.0
Dhaka,Rural,Richer,10,7.7,685.0,Male,106.0,Mild,Higher,1.0
Dhaka,Urban,Richest,45,25.2,1063.0,Male,118.0,Not anemic,Secondary,1.0
Dhaka,Urban,Richest,16,10.9,808.0,Male,115.0,Not anemic,Higher,2.0
Dhaka,Urban,Richer,13,10.3,733.0,Male,100.0,Mild,Secondary,3.0
Dhaka,Urban,Richer,47,12.4,990.0,Male,122.0,Not anemic,Primary,1.0
Dhaka,Urban,Richer,6,7.8,655.0,Male,111.0,Not anemic,Secondary,2.0
Dhaka,Urban,Richest,58,13.3,973.0,Male,107.0,Mild,No education,1.0
Dhaka,Rural,Poorest,46,15.4,1024.0,Male,123.0,Not anemic,No education,7.0
Dhaka,Rural,Poorest,20,8.3,750.0,Male,116.0,Not anemic,No education,8.0
Dhaka,Rural,Poorest,29,9.2,942.0,Male,102.0,Mild,No education,1.0
Dhaka,Rural,Poorer,43,7.1,753.0,Male,87.0,Moderate,No education,4.0
Dhaka,Rural,Poorest,15,8.2,783.0,Male,109.0,Mild,Primary,4.0
Dhaka,Rural,Middle,34,10.6,868.0,Male,119.0,Not anemic,No education,1.0
Dhaka,Rural,Poorest,43,10.3,829.0,Male,113.0,Not anemic,Primary,1.0
Dhaka,Rural,Middle,55,14.1,996.0,Male,111.0,Not anemic,Secondary,2.0
Dhaka,Rural,Poorest,47,11.7,938.0,Male,118.0,Not anemic,Primary,1.0
Dhaka,Rural,Poorest,8,8.5,703.0,Male,90.0,Moderate,Primary,2.0
Dhaka,Rural,Poorest,47,13.4,925.0,Male,125.0,Not anemic,No education,3.0
Dhaka,Rural,Poorest,47,13.1,875.0,Male,103.0,Mild,No education,5.0
Dhaka,Rural,Poorest,26,9.3,792.0,Male,105.0,Mild,Primary,2.0
Dhaka,Rural,Poorer,57,14.9,1007.0,Male,113.0,Not anemic,Primary,5.0
Dhaka,Rural,Middle,58,12.6,982.0,Male,116.0,Not anemic,Primary,2.0
Dhaka,Rural,Poorer,7,6.7,667.0,Male,99.0,Moderate,Primary,8.0
Dhaka,Rural,Middle,46,13.7,964.0,Male,105.0,Mild,No education,9.0
Dhaka,Rural,Poorest,47,13.8,932.0,Male,119.0,Not anemic,Primary,1.0
Dhaka,Rural,Poorer,36,10.7,906.0,Male,106.0,Mild,Primary,1.0
Dhaka,Urban,Richest,47,13.1,972.0,Male,127.0,Not anemic,Secondary,2.0
Dhaka,Rural,Poorest,23,9.3,784.0,Male,117.0,Not anemic,Primary,3.0
Dhaka,Rural,Richer,40,10.5,885.0,Male,118.0,Not anemic,No education,4.0
Dhaka,Rural,Poorest,12,8.0,710.0,Male,91.0,Moderate,No education,1.0
Dhaka,Rural,Poorer,59,11.9,966.0,Male,93.0,Moderate,Secondary,1.0
Dhaka,Rural,Middle,56,15.7,1026.0,Male,99.0,Moderate,Secondary,1.0
Dhaka,Rural,Richest,58,16.5,1083.0,Male,112.0,Not anemic,Secondary,2.0
Dhaka,Rural,Richer,46,17.5,1038.0,Male,111.0,Not anemic,Secondary,1.0
Dhaka,Rural,Poorest,39,12.8,957.0,Male,128.0,Not anemic,Primary,3.0
Dhaka,Urban,Richest,41,13.2,952.0,Male,123.0,Not anemic,Secondary,1.0
Dhaka,Urban,Poorer,16,8.9,768.0,Male,97.0,Moderate,No education,2.0
Dhaka,Urban,Richer,22,10.6,873.0,Male,99.0,Moderate,Secondary,2.0
Dhaka,Rural,Poorest,9,6.5,696.0,Male,86.0,Moderate,Secondary,1.0
Dhaka,Rural,Poorest,15,7.5,736.0,Male,113.0,Not anemic,Primary,4.0
Dhaka,Rural,Poorest,37,13.2,947.0,Male,107.0,Mild,No education,1.0
Dhaka,Rural,Middle,33,12.5,971.0,Male,112.0,Not anemic,Primary,3.0
Dhaka,Rural,Poorest,38,15.7,1035.0,Male,115.0,Not anemic,No education,3.0
Dhaka,Rural,Poorer,7,6.7,658.0,Male,97.0,Moderate,Secondary,1.0
Dhaka,Rural,Poorer,57,11.4,947.0,Male,118.0,Not anemic,No education,8.0
Dhaka,Rural,Middle,44,13.0,916.0,Male,122.0,Not anemic,Primary,1.0
Dhaka,Rural,Middle,12,9.9,842.0,Male,100.0,Mild,Secondary,1.0
Dhaka,Rural,Richer,52,17.3,1038.0,Male,112.0,Not anemic,Primary,1.0
Dhaka,Rural,Richest,52,12.5,929.0,Male,116.0,Not anemic,Secondary,1.0
Dhaka,Rural,Middle,17,7.5,732.0,Male,102.0,Mild,Secondary,1.0
Dhaka,Rural,Poorer,16,8.7,786.0,Male,102.0,Mild,Primary,2.0
Dhaka,Urban,Richer,50,17.6,1104.0,Male,137.0,Not anemic,Secondary,2.0
Dhaka,Urban,Richer,19,12.4,822.0,Male,132.0,Not anemic,Secondary,1.0
Dhaka,Urban,Richer,59,14.5,1030.0,Male,90.0,Moderate,Secondary,1.0
Dhaka,Urban,Richer,51,13.5,956.0,Male,111.0,Not anemic,Secondary,1.0
Dhaka,Rural,Middle,38,13.6,971.0,Male,114.0,Not anemic,Primary,2.0
Dhaka,Rural,Richer,42,8.9,807.0,Male,125.0,Not anemic,Primary,1.0
Khulna,Rural,Poorest,22,9.2,755.0,Male,104.0,Mild,No education,5.0
Khulna,Rural,Poorer,19,10.6,774.0,Male,108.0,Mild,Secondary,1.0
Khulna,Rural,Poorer,8,7.1,719.0,Male,97.0,Moderate,Secondary,1.0
Khulna,Rural,Richer,59,15.7,1043.0,Male,119.0,Not anemic,Primary,1.0
Khulna,Rural,Middle,26,10.9,867.0,Male,120.0,Not anemic,Secondary,2.0
Khulna,Rural,Richer,10,6.8,651.0,Male,85.0,Moderate,Primary,1.0
Khulna,Rural,Poorer,25,10.6,878.0,Male,108.0,Mild,Higher,1.0
Khulna,Rural,Poorest,40,10.5,881.0,Male,118.0,Not anemic,Primary,3.0
Khulna,Rural,Poorest,14,7.4,679.0,Male,98.0,Moderate,Primary,4.0
Khulna,Rural,Poorest,48,16.7,1038.0,Male,86.0,Moderate,No education,4.0
Khulna,Rural,Poorer,46,14.1,1093.0,Male,111.0,Not anemic,Primary,1.0
Khulna,Rural,Richer,16,7.0,731.0,Male,105.0,Mild,Secondary,2.0
Khulna,Rural,Poorest,49,11.4,944.0,Male,108.0,Mild,Primary,1.0
Khulna,Rural,Poorer,17,8.4,728.0,Male,112.0,Not anemic,Secondary,1.0
Khulna,Rural,Middle,43,13.0,956.0,Male,109.0,Mild,Secondary,1.0
Khulna,Rural,Middle,36,11.9,980.0,Male,81.0,Moderate,Primary,4.0
Khulna,Rural,Middle,41,12.3,874.0,Male,102.0,Mild,Primary,5.0
Khulna,Rural,Poorest,52,15.5,1039.0,Male,98.0,Moderate,Secondary,1.0
Khulna,Rural,Poorer,47,11.9,885.0,Male,109.0,Mild,Secondary,1.0
Khulna,Urban,Richest,37,15.7,1045.0,Male,125.0,Not anemic,Secondary,2.0
Khulna,Urban,Poorest,40,10.6,905.0,Male,93.0,Moderate,Primary,2.0
Khulna,Rural,Richer,22,6.9,763.0,Male,87.0,Moderate,Secondary,1.0
Khulna,Rural,Middle,26,8.9,790.0,Male,115.0,Not anemic,Primary,1.0
Khulna,Rural,Middle,57,11.1,952.0,Male,109.0,Mild,No education,5.0
Khulna,Rural,Poorest,46,11.2,906.0,Male,98.0,Moderate,Primary,3.0
Khulna,Rural,Poorer,41,13.2,904.0,Male,122.0,Not anemic,No education,3.0
Khulna,Rural,Richer,9,8.0,597.0,Male,115.0,Not anemic,Secondary,2.0
Khulna,Rural,Middle,26,9.2,837.0,Male,118.0,Not anemic,Secondary,1.0
Khulna,Rural,Poorer,58,15.4,1004.0,Male,100.0,Mild,No education,3.0
Khulna,Rural,Richest,49,18.9,1031.0,Male,100.0,Mild,Secondary,2.0
Khulna,Urban,Richer,56,16.3,1095.0,Male,121.0,Not anemic,Secondary,2.0
Khulna,Urban,Middle,34,9.1,828.0,Male,111.0,Not anemic,Primary,2.0
Khulna,Urban,Poorer,37,12.3,889.0,Male,101.0,Mild,Secondary,1.0
Khulna,Urban,Poorest,29,12.0,880.0,Male,96.0,Moderate,Primary,1.0
Khulna,Urban,Richest,31,13.0,974.0,Male,130.0,Not anemic,Higher,2.0
Khulna,Rural,Middle,27,10.5,852.0,Male,125.0,Not anemic,Secondary,3.0
Khulna,Rural,Richest,21,9.4,788.0,Male,107.0,Mild,Secondary,2.0
Khulna,Rural,Richest,21,9.8,861.0,Male,117.0,Not anemic,Secondary,2.0
Khulna,Rural,Richer,44,13.6,927.0,Male,115.0,Not anemic,Secondary,1.0
Khulna,Rural,Richer,6,8.3,734.0,Male,106.0,Mild,Secondary,2.0
Khulna,Rural,Poorer,59,14.8,1014.0,Male,109.0,Mild,No education,1.0
Khulna,Rural,Poorer,43,14.1,1020.0,Male,125.0,Not anemic,Secondary,1.0
Khulna,Rural,Richer,51,13.7,989.0,Male,98.0,Moderate,Secondary,1.0
Khulna,Rural,Middle,35,12.0,876.0,Male,125.0,Not anemic,Primary,3.0
Khulna,Rural,Richer,48,14.2,987.0,Male,126.0,Not anemic,Secondary,1.0
Khulna,Rural,Richer,43,12.3,1038.0,Male,118.0,Not anemic,Primary,3.0
Khulna,Urban,Richest,23,9.9,836.0,Male,99.0,Moderate,Secondary,1.0
Khulna,Rural,Richest,52,12.2,1012.0,Male,113.0,Not anemic,Secondary,1.0
Khulna,Rural,Middle,50,13.5,991.0,Male,113.0,Not anemic,Primary,3.0
Khulna,Rural,Middle,29,10.9,811.0,Male,109.0,Mild,Primary,2.0
Khulna,Rural,Poorer,42,14.1,1010.0,Male,113.0,Not anemic,Primary,2.0
Khulna,Rural,Richest,33,11.1,1062.0,Male,112.0,Not anemic,Secondary,1.0
Khulna,Urban,Richest,42,15.1,995.0,Male,106.0,Mild,Higher,2.0
Khulna,Urban,Richest,51,17.7,1025.0,Male,128.0,Not anemic,Higher,2.0
Khulna,Urban,Richest,31,14.7,917.0,Male,121.0,Not anemic,Secondary,1.0
Khulna,Rural,Richer,41,12.4,933.0,Male,111.0,Not anemic,Secondary,2.0
Khulna,Rural,Richer,43,12.0,960.0,Male,118.0,Not anemic,Secondary,2.0
Khulna,Rural,Poorer,36,10.9,897.0,Male,138.0,Not anemic,Primary,3.0
Khulna,Rural,Middle,52,11.3,934.0,Male,112.0,Not anemic,Secondary,1.0
Khulna,Rural,Richest,35,12.7,950.0,Male,120.0,Not anemic,Secondary,2.0
Khulna,Rural,Poorest,22,10.9,824.0,Male,122.0,Not anemic,No education,1.0
Khulna,Rural,Poorest,32,11.5,882.0,Male,109.0,Mild,No education,3.0
Khulna,Rural,Poorer,57,13.0,984.0,Male,115.0,Not anemic,Secondary,1.0
Khulna,Rural,Poorest,12,10.4,739.0,Male,68.0,Severe,Secondary,1.0
Khulna,Rural,Poorest,33,9.2,831.0,Male,102.0,Mild,Primary,7.0
Khulna,Rural,Poorer,43,14.5,1005.0,Male,108.0,Mild,Secondary,1.0
Khulna,Urban,Poorest,16,9.2,751.0,Male,99.0,Moderate,Primary,1.0
Khulna,Urban,Richer,29,12.8,903.0,Male,125.0,Not anemic,Secondary,2.0
Khulna,Urban,Richer,14,8.8,752.0,Male,121.0,Not anemic,Secondary,1.0
Khulna,Urban,Richer,43,13.6,996.0,Male,123.0,Not anemic,Primary,3.0
Khulna,Rural,Richest,59,13.3,995.0,Male,108.0,Mild,Secondary,1.0
Khulna,Urban,Richer,33,11.5,868.0,Male,97.0,Moderate,Secondary,3.0
Khulna,Urban,Richer,33,16.0,1031.0,Male,117.0,Not anemic,Secondary,1.0
Khulna,Urban,Richer,18,8.3,792.0,Male,110.0,Not anemic,Secondary,2.0
Khulna,Urban,Richest,53,14.7,1005.0,Male,118.0,Not anemic,Secondary,2.0
Khulna,Urban,Richest,28,11.9,858.0,Male,108.0,Mild,Higher,1.0
Khulna,Urban,Richest,10,8.4,717.0,Male,98.0,Moderate,Higher,1.0
Khulna,Urban,Middle,32,12.1,894.0,Male,118.0,Not anemic,Primary,1.0
Khulna,Urban,Richer,59,13.9,1005.0,Male,105.0,Mild,Primary,2.0
Khulna,Urban,Richer,12,8.2,714.0,Male,95.0,Moderate,Secondary,1.0
Khulna,Rural,Richest,11,8.4,775.0,Male,76.0,Moderate,Secondary,1.0
Khulna,Urban,Richest,15,10.0,776.0,Male,95.0,Moderate,Secondary,2.0
Khulna,Urban,Middle,12,9.9,749.0,Male,101.0,Mild,Secondary,1.0
Khulna,Urban,Middle,17,10.4,771.0,Male,100.0,Mild,Secondary,2.0
Khulna,Urban,Middle,48,12.5,945.0,Male,118.0,Not anemic,Primary,4.0
Khulna,Urban,Richest,53,15.7,1006.0,Male,126.0,Not anemic,Higher,1.0
Khulna,Urban,Richest,52,14.9,1026.0,Male,115.0,Not anemic,Secondary,2.0
Khulna,Urban,Richer,44,12.1,887.0,Male,117.0,Not anemic,No education,3.0
Khulna,Rural,Middle,56,14.7,1025.0,Male,110.0,Not anemic,Primary,3.0
Khulna,Rural,Richer,13,9.2,750.0,Male,81.0,Moderate,Secondary,2.0
Khulna,Rural,Middle,50,14.5,1018.0,Male,121.0,Not anemic,Primary,3.0
Khulna,Urban,Poorer,52,12.8,1036.0,Male,125.0,Not anemic,Secondary,2.0
Khulna,Rural,Middle,17,9.5,795.0,Male,107.0,Mild,Secondary,2.0
Khulna,Rural,Poorer,35,10.3,877.0,Male,101.0,Mild,Primary,2.0
Khulna,Rural,Poorer,28,8.9,745.0,Male,101.0,Mild,Primary,1.0
Khulna,Urban,Richest,38,17.7,1081.0,Male,126.0,Not anemic,Primary,2.0
Khulna,Rural,Poorer,31,11.2,881.0,Male,112.0,Not anemic,Primary,2.0
Khulna,Rural,Poorer,58,19.1,1080.0,Male,106.0,Mild,Primary,4.0
Khulna,Rural,Richest,7,9.9,732.0,Male,101.0,Mild,Secondary,2.0
Khulna,Rural,Richer,10,7.4,686.0,Male,97.0,Moderate,Secondary,1.0
Khulna,Rural,Middle,7,7.3,671.0,Male,99.0,Moderate,Secondary,1.0
Khulna,Rural,Middle,20,7.8,716.0,Male,118.0,Not anemic,Secondary,2.0
Khulna,Rural,Poorest,53,11.3,940.0,Male,126.0,Not anemic,Secondary,1.0
Khulna,Rural,Poorer,52,12.9,1006.0,Male,120.0,Not anemic,Primary,4.0
Khulna,Rural,Poorest,38,10.2,791.0,Male,106.0,Mild,Secondary,1.0
Khulna,Rural,Poorest,59,21.2,1202.0,Male,115.0,Not anemic,Secondary,1.0
Khulna,Rural,Middle,29,10.6,853.0,Male,96.0,Moderate,Primary,1.0
Khulna,Rural,Poorer,25,9.2,819.0,Male,99.0,Moderate,No education,5.0
Khulna,Rural,Poorer,39,11.4,924.0,Male,112.0,Not anemic,Primary,2.0
Khulna,Rural,Poorer,15,10.8,760.0,Male,109.0,Mild,Secondary,1.0
Khulna,Rural,Middle,39,9.9,877.0,Male,132.0,Not anemic,Higher,2.0
Khulna,Rural,Richer,37,13.3,891.0,Male,105.0,Mild,Secondary,1.0
Khulna,Rural,Middle,56,14.0,976.0,Male,123.0,Not anemic,Secondary,3.0
Khulna,Urban,Richest,57,14.5,1026.0,Male,129.0,Not anemic,Secondary,2.0
Khulna,Urban,Richest,24,10.2,824.0,Male,108.0,Mild,Secondary,2.0
Khulna,Rural,Poorer,42,13.5,931.0,Male,113.0,Not anemic,Secondary,1.0
Khulna,Rural,Poorest,39,10.5,864.0,Male,111.0,Not anemic,Secondary,2.0
Khulna,Rural,Richer,59,15.8,1032.0,Male,131.0,Not anemic,No education,10.0
Khulna,Rural,Middle,39,11.2,863.0,Male,105.0,Mild,Primary,2.0
Khulna,Rural,Richer,30,9.4,875.0,Male,112.0,Not anemic,Primary,3.0
Khulna,Rural,Poorest,35,10.6,851.0,Male,111.0,Not anemic,Secondary,1.0
Khulna,Rural,Poorest,32,13.3,891.0,Male,106.0,Mild,Secondary,2.0
Khulna,Rural,Middle,27,9.3,756.0,Male,134.0,Not anemic,Primary,2.0
Khulna,Rural,Middle,27,10.2,855.0,Male,103.0,Mild,Secondary,1.0
Rajshahi,Urban,Richest,37,15.3,1053.0,Male,113.0,Not anemic,Higher,2.0
Rajshahi,Urban,Richest,12,10.1,760.0,Male,97.0,Moderate,Primary,3.0
Rajshahi,Urban,Middle,51,13.4,958.0,Male,109.0,Mild,No education,3.0
Rajshahi,Urban,Poorer,7,7.8,681.0,Male,97.0,Moderate,Primary,2.0
Rajshahi,Rural,Richer,46,13.4,969.0,Male,123.0,Not anemic,Secondary,2.0
Rajshahi,Rural,Poorer,52,14.2,1019.0,Male,107.0,Mild,No education,4.0
Rajshahi,Rural,Poorer,39,10.2,877.0,Male,121.0,Not anemic,Secondary,1.0
Rajshahi,Rural,Richest,32,9.0,781.0,Male,104.0,Mild,Primary,4.0
Rajshahi,Rural,Poorer,44,11.5,912.0,Male,114.0,Not anemic,Primary,1.0
Rajshahi,Rural,Richest,22,10.5,781.0,Male,128.0,Not anemic,Secondary,2.0
Rajshahi,Rural,Middle,17,9.3,801.0,Male,110.0,Not anemic,Secondary,2.0
Rajshahi,Rural,Poorer,21,9.1,770.0,Male,128.0,Not anemic,Secondary,1.0
Rajshahi,Rural,Middle,13,7.6,706.0,Male,102.0,Mild,Secondary,1.0
Rajshahi,Urban,Richest,56,18.8,1085.0,Male,130.0,Not anemic,Secondary,3.0
Rajshahi,Rural,Poorer,44,12.7,943.0,Male,103.0,Mild,No education,6.0
Rajshahi,Rural,Poorest,25,10.9,852.0,Male,112.0,Not anemic,Primary,4.0
Rajshahi,Rural,Poorer,33,11.1,860.0,Male,116.0,Not anemic,Primary,3.0
Rajshahi,Rural,Richest,28,10.9,869.0,Male,115.0,Not anemic,Higher,1.0
Rajshahi,Rural,Middle,45,10.7,896.0,Male,111.0,Not anemic,No education,2.0
Rajshahi,Rural,Poorer,52,14.3,1112.0,Male,108.0,Mild,No education,4.0
Rajshahi,Rural,Poorer,10,7.7,725.0,Male,93.0,Moderate,Primary,2.0
Rajshahi,Urban,Richest,50,16.5,1030.0,Male,115.0,Not anemic,Secondary,2.0
Rajshahi,Urban,Poorer,54,10.6,934.0,Male,97.0,Moderate,No education,5.0
Rajshahi,Urban,Richer,20,12.2,801.0,Male,126.0,Not anemic,Secondary,2.0
Rajshahi,Urban,Middle,51,10.6,932.0,Male,118.0,Not anemic,Secondary,1.0
Rajshahi,Rural,Poorer,54,15.3,1025.0,Male,113.0,Not anemic,Primary,3.0
Rajshahi,Rural,Poorest,41,10.1,788.0,Male,107.0,Mild,Primary,2.0
Rajshahi,Rural,Middle,19,8.4,744.0,Male,132.0,Not anemic,Primary,4.0
Rajshahi,Urban,Richest,41,10.5,891.0,Male,108.0,Mild,Higher,2.0
Rajshahi,Urban,Richest,50,13.1,969.0,Male,123.0,Not anemic,Secondary,2.0
Rajshahi,Rural,Poorest,45,9.0,838.0,Male,120.0,Not anemic,No education,2.0
Rajshahi,Rural,Middle,17,8.7,724.0,Male,102.0,Mild,Secondary,1.0
Rajshahi,Rural,Middle,50,15.4,1007.0,Male,121.0,Not anemic,Higher,3.0
Rajshahi,Rural,Richer,36,12.0,898.0,Male,110.0,Not anemic,Secondary,1.0
Rajshahi,Rural,Poorest,58,15.7,1056.0,Male,110.0,Not anemic,Secondary,1.0
Rajshahi,Rural,Poorest,46,11.4,884.0,Male,119.0,Not anemic,Primary,1.0
Rajshahi,Rural,Poorest,28,11.3,865.0,Male,111.0,Not anemic,No education,3.0
Rajshahi,Rural,Richer,55,14.6,1006.0,Male,110.0,Not anemic,Secondary,2.0
Rajshahi,Rural,Richer,6,6.1,614.0,Male,90.0,Moderate,Primary,5.0
Rajshahi,Rural,Poorer,51,15.3,1047.0,Male,115.0,Not anemic,No education,3.0
Rajshahi,Rural,Richer,48,12.1,949.0,Male,111.0,Not anemic,Higher,2.0
Rajshahi,Urban,Middle,34,10.9,871.0,Male,117.0,Not anemic,Secondary,1.0
Rajshahi,Urban,Richest,12,10.2,764.0,Male,109.0,Mild,Higher,2.0
Rajshahi,Urban,Poorer,41,11.5,870.0,Male,89.0,Moderate,Primary,4.0
Rajshahi,Rural,Poorest,12,7.0,736.0,Male,106.0,Mild,Primary,2.0
Rajshahi,Rural,Poorer,8,7.3,783.0,Male,94.0,Moderate,Primary,4.0
Rajshahi,Rural,Poorest,12,7.1,677.0,Male,91.0,Moderate,Primary,1.0
Rajshahi,Rural,Richer,7,7.1,681.0,Male,101.0,Mild,Primary,3.0
Rajshahi,Rural,Richest,28,14.5,972.0,Male,116.0,Not anemic,Higher,1.0
Rajshahi,Rural,Middle,17,6.7,716.0,Male,105.0,Mild,No education,6.0
Rajshahi,Rural,Richest,27,12.2,899.0,Male,104.0,Mild,Higher,2.0
Rajshahi,Rural,Middle,33,11.9,905.0,Male,115.0,Not anemic,Primary,4.0
Rajshahi,Rural,Middle,17,10.7,786.0,Male,93.0,Moderate,Secondary,1.0
Rajshahi,Urban,Richest,12,9.8,771.0,Male,124.0,Not anemic,Higher,1.0
Rajshahi,Rural,Poorer,41,13.2,995.0,Male,106.0,Mild,Primary,2.0
Rajshahi,Rural,Richer,42,10.7,931.0,Male,116.0,Not anemic,Primary,2.0
Rajshahi,Rural,Richest,15,9.1,766.0,Male,87.0,Moderate,Secondary,2.0
Rajshahi,Rural,Poorer,28,9.7,824.0,Male,93.0,Moderate,Primary,1.0
Rajshahi,Rural,Middle,56,13.4,997.0,Male,115.0,Not anemic,Primary,4.0
Rajshahi,Rural,Middle,17,9.7,757.0,Male,99.0,Moderate,Secondary,1.0
Rajshahi,Rural,Richer,53,14.3,981.0,Male,123.0,Not anemic,Secondary,1.0
Rajshahi,Rural,Richer,23,10.9,828.0,Male,108.0,Mild,Secondary,1.0
Rajshahi,Urban,Richer,56,13.1,997.0,Male,104.0,Mild,Secondary,1.0
Rajshahi,Urban,Richest,12,8.3,721.0,Male,112.0,Not anemic,Secondary,2.0
Rajshahi,Urban,Richer,24,9.1,794.0,Male,88.0,Moderate,Secondary,3.0
Rajshahi,Urban,Richer,46,10.4,898.0,Male,112.0,Not anemic,Primary,2.0
Rajshahi,Rural,Richer,56,20.5,1073.0,Male,126.0,Not anemic,Secondary,1.0
Rajshahi,Rural,Poorer,19,11.5,792.0,Male,60.0,Severe,Primary,2.0
Rajshahi,Rural,Richer,49,14.7,1061.0,Male,112.0,Not anemic,Higher,2.0
Rajshahi,Rural,Richer,11,5.1,671.0,Male,107.0,Mild,Higher,1.0
Rajshahi,Rural,Poorest,49,12.6,929.0,Male,121.0,Not anemic,Primary,3.0
Rajshahi,Rural,Poorest,21,9.5,789.0,Male,104.0,Mild,Secondary,3.0
Rajshahi,Rural,Middle,53,14.9,1043.0,Male,109.0,Mild,Secondary,2.0
Rajshahi,Rural,Richer,40,12.2,930.0,Male,101.0,Mild,Secondary,2.0
Rajshahi,Rural,Richest,7,10.0,705.0,Male,107.0,Mild,Secondary,2.0
Rajshahi,Urban,Richest,28,11.6,864.0,Male,127.0,Not anemic,Higher,3.0
Rajshahi,Urban,Richest,11,8.9,704.0,Male,73.0,Moderate,Secondary,3.0
Rajshahi,Urban,Richer,46,13.9,987.0,Male,115.0,Not anemic,Secondary,1.0
Rajshahi,Rural,Poorer,24,9.4,810.0,Male,102.0,Mild,Primary,1.0
Rajshahi,Rural,Middle,18,7.9,762.0,Male,101.0,Mild,No education,5.0
Rajshahi,Rural,Poorer,16,8.4,752.0,Male,113.0,Not anemic,Secondary,1.0
Rajshahi,Rural,Middle,39,11.0,904.0,Male,121.0,Not anemic,Primary,4.0
Rajshahi,Urban,Poorest,46,12.3,915.0,Male,90.0,Moderate,Primary,6.0
Rajshahi,Urban,Middle,17,10.6,818.0,Male,109.0,Mild,No education,4.0
Rajshahi,Rural,Middle,50,13.8,970.0,Male,101.0,Mild,No education,3.0
Rajshahi,Rural,Poorer,55,10.8,971.0,Male,108.0,Mild,Primary,3.0
Rajshahi,Rural,Poorest,29,9.9,845.0,Male,99.0,Moderate,No education,4.0
Rajshahi,Rural,Poorest,25,9.1,771.0,Male,108.0,Mild,No education,5.0
Rajshahi,Urban,Richest,20,10.0,812.0,Male,118.0,Not anemic,Higher,2.0
Rajshahi,Urban,Poorer,34,12.2,888.0,Male,122.0,Not anemic,Primary,4.0
Rajshahi,Rural,Poorer,33,10.7,880.0,Male,113.0,Not anemic,Primary,3.0
Rajshahi,Rural,Poorer,56,18.8,1115.0,Male,109.0,Mild,Primary,2.0
Rajshahi,Rural,Richer,31,10.1,885.0,Male,91.0,Moderate,Primary,3.0
Rajshahi,Rural,Middle,25,9.8,817.0,Male,104.0,Mild,Secondary,2.0
Rajshahi,Urban,Poorest,43,12.5,950.0,Male,105.0,Mild,Primary,1.0
Rajshahi,Urban,Poorest,6,7.2,635.0,Male,102.0,Mild,Primary,2.0
Rajshahi,Rural,Richest,41,14.9,1067.0,Male,127.0,Not anemic,Secondary,3.0
Rajshahi,Rural,Poorest,30,12.3,893.0,Male,105.0,Mild,Secondary,1.0
Rajshahi,Rural,Middle,21,9.1,756.0,Male,109.0,Mild,No education,1.0
Rajshahi,Rural,Poorest,43,15.0,1044.0,Male,125.0,Not anemic,No education,2.0
Rajshahi,Urban,Richer,25,11.6,827.0,Male,115.0,Not anemic,Secondary,2.0
Rajshahi,Urban,Richest,15,8.8,749.0,Male,109.0,Mild,No education,3.0
Rajshahi,Urban,Richer,36,10.4,891.0,Male,118.0,Not anemic,Primary,2.0
Rajshahi,Rural,Middle,45,11.8,897.0,Male,96.0,Moderate,Secondary,2.0
Rajshahi,Rural,Poorer,51,14.9,1033.0,Male,89.0,Moderate,Primary,2.0
Rajshahi,Urban,Richest,31,18.4,906.0,Male,101.0,Mild,Higher,2.0
Rajshahi,Urban,Richest,57,13.9,970.0,Male,108.0,Mild,No education,2.0
Rajshahi,Urban,Richest,59,26.9,1100.0,Male,137.0,Not anemic,Secondary,1.0
Rajshahi,Urban,Richest,42,16.8,1046.0,Male,93.0,Moderate,Higher,1.0
Rajshahi,Rural,Middle,37,12.2,911.0,Male,95.0,Moderate,Higher,2.0
Rajshahi,Rural,Richest,59,16.3,1064.0,Male,117.0,Not anemic,Higher,2.0
Rajshahi,Rural,Richest,46,11.6,907.0,Male,116.0,Not anemic,Secondary,1.0
Rajshahi,Rural,Poorer,40,13.2,947.0,Male,92.0,Moderate,Secondary,1.0
Rajshahi,Urban,Poorest,50,12.4,925.0,Male,102.0,Mild,Primary,2.0
Rajshahi,Urban,Richest,34,11.6,871.0,Male,121.0,Not anemic,Higher,1.0
Rajshahi,Urban,Richest,16,9.0,742.0,Male,101.0,Mild,Secondary,4.0
Rajshahi,Rural,Poorer,17,8.9,790.0,Male,114.0,Not anemic,Secondary,1.0
Rajshahi,Urban,Richest,10,9.4,710.0,Male,125.0,Not anemic,Higher,1.0
Rajshahi,Urban,Richer,36,12.4,923.0,Male,111.0,Not anemic,Secondary,2.0
Rajshahi,Urban,Richer,28,10.7,856.0,Male,102.0,Mild,Secondary,3.0
Rajshahi,Urban,Richest,46,13.1,961.0,Male,108.0,Mild,Primary,3.0
Rajshahi,Urban,Middle,38,10.9,880.0,Male,108.0,Mild,Secondary,1.0
Rajshahi,Urban,Middle,34,14.5,1024.0,Male,114.0,Not anemic,Primary,2.0
Rajshahi,Rural,Middle,53,17.0,1079.0,Male,115.0,Not anemic,No education,4.0
Rajshahi,Rural,Richer,17,9.9,790.0,Male,113.0,Not anemic,Secondary,1.0
Rajshahi,Rural,Richer,45,12.1,924.0,Male,112.0,Not anemic,Secondary,2.0
Rajshahi,Rural,Middle,19,7.5,747.0,Male,84.0,Moderate,Secondary,1.0
Rajshahi,Rural,Poorest,6,5.6,635.0,Male,82.0,Moderate,Primary,2.0
Rajshahi,Urban,Poorest,41,10.5,862.0,Male,119.0,Not anemic,No education,3.0
Rajshahi,Urban,Middle,58,13.7,933.0,Male,107.0,Mild,Primary,3.0
Rajshahi,Urban,Middle,16,7.1,752.0,Male,98.0,Moderate,Secondary,1.0
Rajshahi,Urban,Richer,55,16.4,1007.0,Male,103.0,Mild,Secondary,2.0
Rajshahi,Rural,Richer,26,11.8,917.0,Male,120.0,Not anemic,Primary,2.0
Rajshahi,Rural,Middle,35,11.3,862.0,Male,112.0,Not anemic,Primary,3.0
Rajshahi,Rural,Poorer,38,12.7,904.0,Male,106.0,Mild,Primary,3.0
Rajshahi,Rural,Poorer,22,10.5,831.0,Male,116.0,Not anemic,No education,2.0
Rajshahi,Rural,Poorest,52,13.8,996.0,Male,95.0,Moderate,No education,2.0
Rajshahi,Urban,Poorer,39,10.5,902.0,Male,99.0,Moderate,No education,2.0
Rajshahi,Urban,Richest,27,10.1,836.0,Male,99.0,Moderate,Higher,1.0
Rajshahi,Urban,Poorer,50,12.7,940.0,Male,85.0,Moderate,Primary,6.0
Rajshahi,Urban,Poorer,55,13.8,936.0,Male,120.0,Not anemic,Primary,2.0
Rajshahi,Urban,Richer,31,11.0,871.0,Male,115.0,Not anemic,Primary,3.0
Rajshahi,Urban,Richer,56,14.2,986.0,Male,119.0,Not anemic,Primary,4.0
Rajshahi,Rural,Middle,36,12.4,921.0,Male,109.0,Mild,Secondary,1.0
Rajshahi,Rural,Poorest,49,10.8,931.0,Male,119.0,Not anemic,Primary,1.0
Rajshahi,Rural,Poorest,48,12.4,956.0,Male,122.0,Not anemic,Primary,2.0
Rajshahi,Rural,Poorest,8,8.2,695.0,Male,113.0,Not anemic,Primary,3.0
Rajshahi,Rural,Middle,19,9.4,782.0,Male,105.0,Mild,Primary,3.0
Rajshahi,Rural,Poorest,41,10.9,913.0,Male,116.0,Not anemic,Primary,5.0
Rajshahi,Rural,Poorer,20,9.0,791.0,Male,99.0,Moderate,Secondary,2.0
Rajshahi,Rural,Poorer,21,9.5,792.0,Male,116.0,Not anemic,Primary,3.0
Rangpur,Urban,Poorer,43,10.8,893.0,Male,109.0,Mild,No education,4.0
Rangpur,Urban,Middle,45,11.5,969.0,Male,114.0,Not anemic,Secondary,3.0
Rangpur,Urban,Richer,25,8.1,764.0,Male,111.0,Not anemic,Higher,1.0
Rangpur,Rural,Richer,59,15.1,1062.0,Male,116.0,Not anemic,Higher,2.0
Rangpur,Rural,Poorer,19,10.0,815.0,Male,103.0,Mild,Secondary,2.0
Rangpur,Rural,Poorest,54,13.8,995.0,Male,104.0,Mild,Secondary,2.0
Rangpur,Rural,Richer,18,9.3,760.0,Male,119.0,Not anemic,Secondary,1.0
Rangpur,Rural,Poorer,38,10.7,895.0,Male,105.0,Mild,Secondary,2.0
Rangpur,Rural,Poorer,21,9.0,810.0,Male,126.0,Not anemic,Secondary,2.0
Rangpur,Rural,Richer,37,9.7,875.0,Male,112.0,Not anemic,Primary,3.0
Rangpur,Rural,Richer,37,11.8,871.0,Male,105.0,Mild,Secondary,1.0
Rangpur,Rural,Richest,58,15.0,1032.0,Male,96.0,Moderate,Secondary,1.0
Rangpur,Rural,Richest,35,10.4,901.0,Male,113.0,Not anemic,Secondary,2.0
Rangpur,Rural,Poorest,54,13.3,998.0,Male,111.0,Not anemic,Primary,4.0
Rangpur,Urban,Richest,12,8.7,752.0,Male,97.0,Moderate,Secondary,2.0
Rangpur,Urban,Richest,39,14.3,973.0,Male,135.0,Not anemic,Secondary,4.0
Rangpur,Urban,Richest,17,9.1,765.0,Male,105.0,Mild,Secondary,1.0
Rangpur,Rural,Poorer,45,12.6,897.0,Male,126.0,Not anemic,No education,2.0
Rangpur,Rural,Poorer,46,13.4,966.0,Male,110.0,Not anemic,No education,3.0
Rangpur,Rural,Poorer,12,7.8,727.0,Male,88.0,Moderate,Secondary,1.0
Rangpur,Urban,Richest,34,10.6,902.0,Male,118.0,Not anemic,Primary,1.0
Rangpur,Urban,Richest,30,9.5,838.0,Male,98.0,Moderate,Secondary,1.0
Rangpur,Urban,Richer,44,11.9,878.0,Male,87.0,Moderate,Primary,1.0
Rangpur,Urban,Poorest,50,14.6,925.0,Male,96.0,Moderate,Primary,2.0
Rangpur,Rural,Middle,8,7.0,682.0,Male,107.0,Mild,Secondary,2.0
Rangpur,Urban,Richest,57,14.7,974.0,Male,108.0,Mild,Secondary,1.0
Rangpur,Rural,Poorer,39,12.0,908.0,Male,102.0,Mild,Primary,4.0
Rangpur,Rural,Poorer,9,8.5,699.0,Male,101.0,Mild,Primary,5.0
Rangpur,Rural,Poorer,26,9.0,751.0,Male,106.0,Mild,Secondary,1.0
Rangpur,Rural,Poorer,35,13.7,876.0,Male,107.0,Mild,Secondary,2.0
Rangpur,Rural,Richest,6,7.0,649.0,Male,109.0,Mild,Secondary,3.0
Rangpur,Rural,Richer,9,9.1,718.0,Male,108.0,Mild,Secondary,1.0
Rangpur,Rural,Middle,43,12.0,911.0,Male,127.0,Not anemic,Secondary,2.0
Rangpur,Rural,Middle,22,9.6,804.0,Male,106.0,Mild,Primary,1.0
Rangpur,Rural,Poorest,18,9.5,771.0,Male,95.0,Moderate,No education,3.0
Rangpur,Urban,Richer,9,7.9,703.0,Male,105.0,Mild,Primary,3.0
Rangpur,Urban,Richest,45,15.5,1028.0,Male,123.0,Not anemic,Secondary,1.0
Rangpur,Urban,Richer,15,8.1,704.0,Male,114.0,Not anemic,Secondary,1.0
Rangpur,Urban,Poorest,21,9.1,790.0,Male,98.0,Moderate,Primary,1.0
Rangpur,Rural,Middle,8,7.0,689.0,Male,104.0,Mild,No education,3.0
Rangpur,Rural,Middle,53,12.0,945.0,Male,111.0,Not anemic,Primary,2.0
Rangpur,Rural,Richer,11,8.1,714.0,Male,83.0,Moderate,Secondary,1.0
Rangpur,Rural,Poorest,51,11.8,938.0,Male,121.0,Not anemic,Primary,1.0
Rangpur,Rural,Poorest,58,14.4,1003.0,Male,92.0,Moderate,No education,3.0
Rangpur,Rural,Poorest,28,10.4,856.0,Male,106.0,Mild,Secondary,2.0
Rangpur,Rural,Poorer,38,10.2,901.0,Male,103.0,Mild,Primary,1.0
Rangpur,Rural,Poorest,40,13.7,936.0,Male,84.0,Moderate,No education,6.0
Rangpur,Rural,Poorest,41,14.7,1012.0,Male,102.0,Mild,No education,2.0
Rangpur,Rural,Poorer,38,11.1,889.0,Male,127.0,Not anemic,Primary,2.0
Rangpur,Urban,Poorer,53,14.6,990.0,Male,119.0,Not anemic,Secondary,1.0
Rangpur,Rural,Poorest,26,10.0,843.0,Male,108.0,Mild,Primary,1.0
Rangpur,Rural,Poorest,21,8.0,753.0,Male,112.0,Not anemic,No education,5.0
Rangpur,Rural,Poorer,14,8.4,706.0,Male,80.0,Moderate,No education,3.0
Rangpur,Rural,Poorest,38,11.9,934.0,Male,102.0,Mild,Secondary,2.0
Rangpur,Rural,Poorer,27,10.8,912.0,Male,116.0,Not anemic,Secondary,1.0
Rangpur,Rural,Poorer,40,13.9,946.0,Male,107.0,Mild,Secondary,2.0
Rangpur,Rural,Richer,44,12.6,905.0,Male,124.0,Not anemic,Secondary,3.0
Rangpur,Rural,Poorest,50,10.8,924.0,Male,120.0,Not anemic,Primary,2.0
Rangpur,Rural,Poorest,32,10.9,875.0,Male,109.0,Mild,Secondary,3.0
Rangpur,Rural,Poorer,52,12.1,568.0,Male,105.0,Mild,Secondary,1.0
Rangpur,Urban,Poorer,53,12.7,952.0,Male,90.0,Moderate,Primary,2.0
Rangpur,Urban,Poorer,25,10.5,837.0,Male,92.0,Moderate,Primary,1.0
Rangpur,Urban,Richest,43,15.1,1042.0,Male,121.0,Not anemic,Higher,1.0
Rangpur,Urban,Richest,43,12.7,944.0,Male,121.0,Not anemic,Secondary,3.0
Rangpur,Rural,Poorest,52,13.6,914.0,Male,108.0,Mild,Primary,1.0
Rangpur,Rural,Poorest,46,13.2,983.0,Male,91.0,Moderate,No education,3.0
Rangpur,Rural,Poorer,45,10.7,887.0,Male,110.0,Not anemic,Primary,2.0
Rangpur,Rural,Poorest,44,12.1,950.0,Male,105.0,Mild,No education,8.0
Rangpur,Urban,Poorer,31,11.5,882.0,Male,132.0,Not anemic,Secondary,1.0
Rangpur,Urban,Poorer,28,8.4,743.0,Male,99.0,Moderate,No education,1.0
Rangpur,Rural,Middle,54,14.6,971.0,Male,124.0,Not anemic,Primary,2.0
Rangpur,Rural,Poorer,11,6.8,664.0,Male,98.0,Moderate,Secondary,2.0
Rangpur,Rural,Richest,26,12.0,904.0,Male,118.0,Not anemic,Higher,1.0
Rangpur,Urban,Poorest,22,10.7,833.0,Male,104.0,Mild,Primary,2.0
Rangpur,Urban,Poorest,48,12.3,966.0,Male,113.0,Not anemic,Primary,4.0
Rangpur,Urban,Poorest,6,7.1,637.0,Male,111.0,Not anemic,Secondary,1.0
Rangpur,Urban,Poorer,43,15.5,1004.0,Male,102.0,Mild,No education,1.0
Rangpur,Rural,Poorest,7,6.9,625.0,Male,84.0,Moderate,Primary,3.0
Rangpur,Rural,Poorer,23,9.1,793.0,Male,103.0,Mild,Secondary,1.0
Rangpur,Rural,Poorer,36,12.8,872.0,Male,115.0,Not anemic,Primary,1.0
Rangpur,Rural,Poorest,59,14.8,1013.0,Male,120.0,Not anemic,Secondary,2.0
Rangpur,Rural,Poorest,50,15.3,1006.0,Male,93.0,Moderate,No education,5.0
Rangpur,Rural,Poorest,21,9.5,742.0,Male,104.0,Mild,No education,2.0
Rangpur,Rural,Poorest,24,8.5,748.0,Male,108.0,Mild,No education,4.0
Rangpur,Rural,Richer,36,11.0,856.0,Male,97.0,Moderate,Secondary,2.0
Rangpur,Rural,Richer,8,7.6,748.0,Male,98.0,Moderate,Secondary,1.0
Rangpur,Rural,Poorer,48,9.5,779.0,Male,110.0,Not anemic,No education,3.0
Rangpur,Rural,Richer,6,7.4,693.0,Male,93.0,Moderate,Secondary,2.0
Rangpur,Rural,Richer,52,15.6,1015.0,Male,111.0,Not anemic,Secondary,2.0
Rangpur,Rural,Poorest,35,10.2,877.0,Male,98.0,Moderate,Primary,2.0
Rangpur,Rural,Poorer,22,8.7,781.0,Male,106.0,Mild,Primary,6.0
Rangpur,Rural,Poorer,21,8.1,756.0,Male,107.0,Mild,Secondary,3.0
Rangpur,Rural,Richer,45,13.2,982.0,Male,89.0,Moderate,Higher,2.0
Rangpur,Rural,Poorer,50,13.4,993.0,Male,112.0,Not anemic,No education,5.0
Rangpur,Rural,Richer,47,13.6,1001.0,Male,107.0,Mild,Secondary,4.0
Rangpur,Rural,Poorest,27,10.3,830.0,Male,93.0,Moderate,Primary,3.0
Rangpur,Rural,Poorest,34,13.2,896.0,Male,100.0,Mild,Primary,3.0
Rangpur,Rural,Poorer,56,15.7,1019.0,Male,109.0,Mild,Secondary,1.0
Rangpur,Rural,Poorest,11,8.2,642.0,Male,100.0,Mild,Primary,2.0
Rangpur,Rural,Poorer,40,12.5,884.0,Male,96.0,Moderate,Secondary,1.0
Rangpur,Urban,Poorest,39,12.4,915.0,Male,118.0,Not anemic,No education,3.0
Rangpur,Urban,Poorest,53,13.6,980.0,Male,104.0,Mild,Primary,1.0
Rangpur,Rural,Middle,44,12.0,926.0,Male,127.0,Not anemic,Secondary,1.0
Rangpur,Rural,Poorer,10,8.8,707.0,Male,88.0,Moderate,Secondary,2.0
Rangpur,Rural,Poorest,41,11.4,879.0,Male,91.0,Moderate,Primary,4.0
Rangpur,Rural,Poorest,9,7.0,706.0,Male,99.0,Moderate,Primary,1.0
Rangpur,Urban,Poorest,46,13.2,946.0,Male,112.0,Not anemic,Primary,4.0
Rangpur,Urban,Poorest,14,9.0,710.0,Male,88.0,Moderate,Secondary,1.0
Rangpur,Urban,Middle,10,7.0,658.0,Male,86.0,Moderate,Primary,1.0
Rangpur,Urban,Richer,17,9.2,719.0,Male,73.0,Moderate,Secondary,3.0
Rangpur,Urban,Richer,27,11.9,875.0,Male,111.0,Not anemic,Secondary,1.0
Rangpur,Urban,Richer,20,9.7,742.0,Male,123.0,Not anemic,No education,2.0
Rangpur,Urban,Richest,18,10.6,632.0,Male,107.0,Mild,Higher,1.0
Rangpur,Rural,Poorest,13,6.9,642.0,Male,99.0,Moderate,Secondary,1.0
Rangpur,Rural,Middle,59,14.2,996.0,Male,90.0,Moderate,Secondary,2.0
Rangpur,Rural,Poorer,6,7.1,695.0,Male,96.0,Moderate,Higher,1.0
Rangpur,Rural,Poorest,58,14.4,1005.0,Male,102.0,Mild,No education,3.0
Rangpur,Rural,Poorest,45,12.4,899.0,Male,105.0,Mild,No education,2.0
Rangpur,Rural,Middle,9,7.7,685.0,Male,91.0,Moderate,Secondary,1.0
Rangpur,Urban,Poorest,49,13.0,992.0,Male,103.0,Mild,Secondary,2.0
Rangpur,Urban,Richer,42,11.3,865.0,Male,119.0,Not anemic,No education,7.0
Rangpur,Urban,Richest,57,12.4,1011.0,Male,112.0,Not anemic,Secondary,1.0
Rangpur,Urban,Richest,57,15.1,1057.0,Male,112.0,Not anemic,Secondary,2.0
Rangpur,Rural,Poorest,11,7.3,683.0,Male,86.0,Moderate,No education,4.0
Rangpur,Rural,Poorer,41,13.4,934.0,Male,104.0,Mild,Primary,3.0
Rangpur,Rural,Poorer,53,14.1,1013.0,Male,130.0,Not anemic,Secondary,2.0
Rangpur,Rural,Poorer,13,8.1,741.0,Male,83.0,Moderate,Primary,2.0
Rangpur,Rural,Middle,42,13.4,936.0,Male,106.0,Mild,Secondary,4.0
Rangpur,Rural,Poorer,57,14.2,983.0,Male,113.0,Not anemic,Primary,3.0
Rangpur,Rural,Poorest,55,14.4,1026.0,Male,118.0,Not anemic,No education,7.0
Rangpur,Rural,Poorest,35,11.8,874.0,Male,116.0,Not anemic,No education,8.0
Rangpur,Rural,Poorer,17,8.2,776.0,Male,110.0,Not anemic,Primary,1.0
Rangpur,Rural,Poorer,59,15.5,1148.0,Male,103.0,Mild,Secondary,1.0
Rangpur,Rural,Poorest,37,13.1,956.0,Male,114.0,Not anemic,Primary,2.0
Rangpur,Rural,Richer,44,14.1,951.0,Male,118.0,Not anemic,Secondary,1.0
Rangpur,Urban,Richer,12,8.1,736.0,Male,104.0,Mild,Secondary,2.0
Rangpur,Rural,Poorest,15,9.5,751.0,Male,110.0,Not anemic,Secondary,1.0
Rangpur,Rural,Poorer,11,6.2,668.0,Male,104.0,Mild,Primary,4.0
Rangpur,Rural,Poorer,54,13.7,1016.0,Male,119.0,Not anemic,Secondary,1.0
Rangpur,Rural,Middle,28,12.3,930.0,Male,119.0,Not anemic,Primary,3.0
Rangpur,Rural,Poorer,31,10.4,870.0,Male,133.0,Not anemic,Primary,2.0
Rangpur,Rural,Richest,33,11.7,895.0,Male,126.0,Not anemic,Higher,1.0
Rangpur,Rural,Richest,7,6.6,627.0,Male,104.0,Mild,Secondary,3.0
Rangpur,Rural,Poorer,35,11.3,885.0,Male,126.0,Not anemic,No education,1.0
Rangpur,Rural,Poorest,54,12.1,926.0,Male,92.0,Moderate,Secondary,1.0
Rangpur,Rural,Poorest,20,7.8,754.0,Male,85.0,Moderate,Primary,4.0
Rangpur,Rural,Poorest,50,11.7,925.0,Male,86.0,Moderate,Secondary,1.0
Rangpur,Rural,Poorer,33,9.5,812.0,Male,96.0,Moderate,No education,5.0
Rangpur,Rural,Richer,29,10.3,836.0,Male,111.0,Not anemic,Secondary,2.0
Rangpur,Rural,Poorest,10,7.1,675.0,Male,105.0,Mild,Secondary,1.0
Rangpur,Rural,Poorest,25,9.5,806.0,Male,89.0,Moderate,Primary,1.0
Rangpur,Rural,Poorer,50,12.7,975.0,Male,101.0,Mild,Secondary,1.0
Rangpur,Urban,Poorer,57,13.2,965.0,Male,94.0,Moderate,No education,2.0
Rangpur,Urban,Richest,52,14.3,976.0,Male,92.0,Moderate,Higher,2.0
Rangpur,Rural,Poorer,13,8.7,721.0,Male,103.0,Mild,Secondary,2.0
Rangpur,Rural,Richest,59,15.5,1081.0,Male,113.0,Not anemic,Higher,2.0
Rangpur,Rural,Poorer,6,6.6,651.0,Male,111.0,Not anemic,No education,4.0
Rangpur,Rural,Poorest,7,6.2,635.0,Male,95.0,Moderate,No education,1.0
Rangpur,Rural,Poorest,9,7.9,714.0,Male,88.0,Moderate,Primary,1.0
Rangpur,Rural,Middle,57,14.2,1004.0,Male,115.0,Not anemic,Secondary,1.0
Rangpur,Rural,Poorer,32,11.9,835.0,Male,107.0,Mild,Secondary,1.0
Rangpur,Rural,Poorer,30,11.1,871.0,Male,101.0,Mild,No education,4.0
Rangpur,Rural,Middle,50,11.8,940.0,Male,78.0,Moderate,No education,2.0
Sylhet,Rural,Richer,31,12.3,893.0,Male,123.0,Not anemic,Secondary,3.0
Sylhet,Rural,Poorest,41,10.3,871.0,Male,113.0,Not anemic,No education,1.0
Sylhet,Rural,Poorest,40,11.6,886.0,Male,90.0,Moderate,Secondary,1.0
Sylhet,Rural,Poorest,10,6.4,695.0,Male,115.0,Not anemic,Primary,5.0
Sylhet,Urban,Richest,26,11.3,853.0,Male,106.0,Mild,Secondary,2.0
Sylhet,Rural,Middle,39,11.2,991.0,Male,115.0,Not anemic,No education,1.0
Sylhet,Rural,Poorest,56,12.3,973.0,Male,109.0,Mild,Primary,3.0
Sylhet,Rural,Middle,37,12.2,906.0,Male,100.0,Mild,No education,6.0
Sylhet,Rural,Middle,24,10.5,817.0,Male,74.0,Moderate,Secondary,1.0
Sylhet,Rural,Richest,12,9.1,756.0,Male,115.0,Not anemic,Primary,5.0
Sylhet,Urban,Richest,44,12.3,954.0,Male,126.0,Not anemic,Secondary,3.0
Sylhet,Urban,Richest,8,9.7,770.0,Male,107.0,Mild,Secondary,2.0
Sylhet,Rural,Middle,57,12.4,968.0,Male,137.0,Not anemic,Primary,3.0
Sylhet,Rural,Poorest,41,10.8,881.0,Male,107.0,Mild,No education,9.0
Sylhet,Rural,Poorer,6,7.5,642.0,Male,109.0,Mild,Primary,7.0
Sylhet,Urban,Poorest,40,10.5,904.0,Male,114.0,Not anemic,No education,3.0
Sylhet,Rural,Richer,52,11.0,909.0,Male,109.0,Mild,No education,2.0
Sylhet,Rural,Poorest,39,11.8,855.0,Male,115.0,Not anemic,No education,3.0
Sylhet,Rural,Poorest,15,9.2,802.0,Male,122.0,Not anemic,No education,3.0
Sylhet,Rural,Richer,42,12.6,970.0,Male,118.0,Not anemic,Secondary,1.0
Sylhet,Rural,Richest,16,9.0,777.0,Male,103.0,Mild,Higher,2.0
Sylhet,Rural,Poorest,15,7.2,730.0,Male,103.0,Mild,No education,4.0
Sylhet,Rural,Poorest,49,13.9,865.0,Male,107.0,Mild,No education,2.0
Sylhet,Rural,Poorest,43,10.6,840.0,Male,104.0,Mild,No education,3.0
Sylhet,Rural,Poorer,30,10.7,841.0,Male,125.0,Not anemic,Secondary,1.0
Sylhet,Urban,Middle,38,10.9,845.0,Male,122.0,Not anemic,Primary,2.0
Sylhet,Rural,Poorer,34,10.3,836.0,Male,95.0,Moderate,No education,3.0
Sylhet,Rural,Poorest,36,12.2,901.0,Male,87.0,Moderate,No education,5.0
Sylhet,Rural,Middle,11,7.7,721.0,Male,101.0,Mild,Primary,3.0
Sylhet,Rural,Richest,41,13.4,973.0,Male,119.0,Not anemic,Secondary,4.0
Sylhet,Rural,Richest,39,12.1,920.0,Male,110.0,Not anemic,Secondary,1.0
Sylhet,Rural,Richest,33,11.3,905.0,Male,118.0,Not anemic,Secondary,2.0
Sylhet,Rural,Richer,42,12.9,948.0,Male,102.0,Mild,Primary,3.0
Sylhet,Rural,Middle,19,12.1,862.0,Male,98.0,Moderate,Secondary,5.0
Sylhet,Rural,Poorest,17,8.4,791.0,Male,109.0,Mild,Primary,3.0
Sylhet,Rural,Poorest,58,16.2,1012.0,Male,88.0,Moderate,Primary,3.0
Sylhet,Rural,Poorest,28,11.2,822.0,Male,114.0,Not anemic,Primary,4.0
Sylhet,Urban,Richest,9,6.3,686.0,Male,87.0,Moderate,Secondary,2.0
Sylhet,Urban,Richest,59,13.6,1040.0,Male,119.0,Not anemic,No education,6.0
Sylhet,Urban,Richest,29,10.6,852.0,Male,96.0,Moderate,Secondary,1.0
Sylhet,Urban,Richest,55,20.4,1083.0,Male,130.0,Not anemic,Higher,1.0
Sylhet,Rural,Richest,13,8.6,720.0,Male,91.0,Moderate,Secondary,2.0
Sylhet,Rural,Middle,58,14.5,1010.0,Male,109.0,Mild,Primary,2.0
Sylhet,Rural,Poorest,59,12.2,943.0,Male,112.0,Not anemic,Primary,3.0
Sylhet,Rural,Poorest,32,10.1,820.0,Male,106.0,Mild,Primary,4.0
Sylhet,Rural,Poorest,13,7.8,705.0,Male,102.0,Mild,Secondary,3.0
Sylhet,Rural,Richest,27,13.5,983.0,Male,107.0,Mild,Primary,1.0
Sylhet,Rural,Poorest,32,16.4,1191.0,Male,109.0,Mild,No education,3.0
Sylhet,Rural,Richest,58,17.2,1093.0,Male,136.0,Not anemic,Secondary,1.0
Sylhet,Rural,Richest,15,9.5,792.0,Male,85.0,Moderate,Secondary,2.0
Sylhet,Rural,Poorest,26,11.1,860.0,Male,95.0,Moderate,Primary,1.0
Sylhet,Rural,Poorest,53,11.2,912.0,Male,68.0,Severe,No education,2.0
Sylhet,Rural,Poorest,8,6.7,635.0,Male,95.0,Moderate,No education,3.0
Sylhet,Rural,Poorest,19,8.8,771.0,Male,69.0,Severe,No education,1.0
Sylhet,Rural,Poorest,55,14.6,1041.0,Male,109.0,Mild,No education,3.0
Sylhet,Rural,Poorer,48,11.3,933.0,Male,108.0,Mild,No education,3.0
Sylhet,Urban,Richest,50,16.5,1033.0,Male,111.0,Not anemic,Secondary,2.0
Sylhet,Urban,Richest,24,10.1,817.0,Male,110.0,Not anemic,No education,4.0
Sylhet,Urban,Richest,31,11.0,877.0,Male,116.0,Not anemic,Secondary,1.0
Sylhet,Urban,Richest,15,10.3,741.0,Male,105.0,Mild,Secondary,2.0
Sylhet,Rural,Richest,44,12.9,942.0,Male,104.0,Mild,Secondary,2.0
Sylhet,Rural,Poorest,59,15.8,990.0,Male,106.0,Mild,Primary,1.0
Sylhet,Rural,Poorest,17,7.7,711.0,Male,92.0,Moderate,Primary,2.0
Sylhet,Rural,Middle,51,16.3,997.0,Male,118.0,Not anemic,Secondary,3.0
Sylhet,Rural,Middle,42,14.9,994.0,Male,103.0,Mild,Secondary,1.0
Sylhet,Rural,Poorest,6,7.0,653.0,Male,104.0,Mild,Primary,2.0
Sylhet,Rural,Poorest,37,14.5,916.0,Male,70.0,Moderate,No education,2.0
Sylhet,Rural,Poorest,55,11.5,897.0,Male,110.0,Not anemic,No education,7.0
Sylhet,Rural,Poorer,31,9.9,836.0,Male,107.0,Mild,Primary,2.0
Sylhet,Rural,Poorest,38,13.6,1002.0,Male,105.0,Mild,No education,3.0
Sylhet,Rural,Poorer,35,10.7,825.0,Male,110.0,Not anemic,Primary,5.0
Sylhet,Rural,Poorer,13,8.6,716.0,Male,105.0,Mild,Primary,1.0
Sylhet,Rural,Middle,9,7.5,711.0,Male,106.0,Mild,Secondary,1.0
Sylhet,Rural,Poorest,54,15.6,1002.0,Male,112.0,Not anemic,No education,3.0
Sylhet,Rural,Poorest,7,7.1,635.0,Male,108.0,Mild,Primary,1.0
Sylhet,Urban,Richer,18,10.5,797.0,Male,112.0,Not anemic,Secondary,1.0
Sylhet,Rural,Poorest,51,13.2,975.0,Male,91.0,Moderate,Primary,4.0
Sylhet,Rural,Poorest,36,10.4,862.0,Male,123.0,Not anemic,Secondary,1.0
Sylhet,Rural,Poorest,33,11.0,887.0,Male,137.0,Not anemic,Primary,3.0
Sylhet,Rural,Poorer,37,11.6,874.0,Male,106.0,Mild,Primary,2.0
Sylhet,Rural,Richest,25,10.9,834.0,Male,111.0,Not anemic,Secondary,1.0
Sylhet,Rural,Poorest,47,13.7,966.0,Male,120.0,Not anemic,No education,5.0
Sylhet,Rural,Poorer,6,6.8,668.0,Male,102.0,Mild,Secondary,1.0
Sylhet,Rural,Poorer,31,10.1,798.0,Male,98.0,Moderate,Primary,1.0
Sylhet,Rural,Poorer,7,6.9,651.0,Male,98.0,Moderate,Primary,2.0
Sylhet,Rural,Poorer,50,12.3,931.0,Male,119.0,Not anemic,No education,4.0
Sylhet,Rural,Poorest,55,12.3,961.0,Male,122.0,Not anemic,No education,2.0
Sylhet,Rural,Poorest,30,9.9,823.0,Male,108.0,Mild,No education,3.0
Sylhet,Rural,Poorest,47,10.6,896.0,Male,102.0,Mild,No education,6.0
Sylhet,Urban,Richest,40,13.0,932.0,Male,104.0,Mild,Primary,2.0
Sylhet,Rural,Poorest,51,13.4,910.0,Male,110.0,Not anemic,No education,1.0
Sylhet,Rural,Middle,8,7.1,645.0,Male,84.0,Moderate,No education,1.0
Sylhet,Rural,Poorest,56,11.5,955.0,Male,110.0,Not anemic,No education,2.0
Sylhet,Rural,Poorest,14,7.2,722.0,Male,95.0,Moderate,Primary,1.0
Sylhet,Rural,Poorest,39,10.7,843.0,Male,105.0,Mild,No education,6.0
Sylhet,Rural,Poorest,55,12.8,990.0,Male,123.0,Not anemic,No education,4.0
Sylhet,Rural,Poorest,21,7.3,769.0,Male,105.0,Mild,No education,5.0
Sylhet,Rural,Poorer,36,7.8,805.0,Male,102.0,Mild,No education,4.0
Sylhet,Rural,Poorer,13,11.2,691.0,Male,85.0,Moderate,No education,5.0
Sylhet,Rural,Poorer,7,6.8,648.0,Male,90.0,Moderate,No education,7.0
Sylhet,Rural,Richer,56,12.1,897.0,Male,108.0,Mild,Secondary,2.0
Sylhet,Rural,Richest,33,11.1,902.0,Male,112.0,Not anemic,Secondary,6.0
Sylhet,Rural,Richest,44,13.6,943.0,Male,115.0,Not anemic,Secondary,2.0
Sylhet,Rural,Richest,29,11.2,836.0,Male,116.0,Not anemic,Higher,1.0
Sylhet,Rural,Richest,8,5.2,640.0,Male,107.0,Mild,Higher,2.0
Sylhet,Urban,Richest,49,13.7,998.0,Male,111.0,Not anemic,Higher,2.0
Sylhet,Urban,Middle,18,9.0,784.0,Male,83.0,Moderate,No education,4.0
Sylhet,Urban,Richest,17,11.9,820.0,Male,100.0,Mild,Secondary,2.0
Sylhet,Urban,Richest,29,10.5,883.0,Male,118.0,Not anemic,Higher,4.0
Sylhet,Rural,Middle,54,13.7,923.0,Male,105.0,Mild,No education,2.0
Sylhet,Rural,Middle,28,11.5,821.0,Male,84.0,Moderate,No education,3.0
Sylhet,Rural,Middle,52,13.4,992.0,Male,116.0,Not anemic,Primary,1.0
Sylhet,Rural,Middle,20,7.6,754.0,Male,108.0,Mild,Primary,3.0
Sylhet,Rural,Richer,40,12.1,990.0,Male,117.0,Not anemic,Primary,3.0
Sylhet,Rural,Richer,15,8.0,707.0,Male,89.0,Moderate,Primary,4.0
Sylhet,Rural,Poorest,11,13.6,1021.0,Male,104.0,Mild,No education,4.0
Sylhet,Rural,Richest,29,11.8,895.0,Male,117.0,Not anemic,Secondary,2.0
Sylhet,Rural,Middle,8,8.3,710.0,Male,66.0,Severe,Secondary,1.0
Sylhet,Rural,Richer,43,13.2,970.0,Male,114.0,Not anemic,Primary,2.0
Sylhet,Rural,Richer,32,10.4,826.0,Male,31.0,Severe,Primary,3.0
Sylhet,Rural,Poorer,50,11.5,963.0,Male,118.0,Not anemic,No education,3.0
Sylhet,Rural,Poorer,21,9.3,795.0,Male,111.0,Not anemic,No education,3.0
Sylhet,Rural,Richer,23,9.5,781.0,Male,116.0,Not anemic,Primary,1.0
Sylhet,Rural,Middle,38,12.9,941.0,Male,97.0,Moderate,Secondary,3.0
Sylhet,Rural,Richest,7,8.6,686.0,Male,110.0,Not anemic,Secondary,1.0
Sylhet,Rural,Richest,41,12.1,927.0,Male,123.0,Not anemic,Primary,3.0
Sylhet,Rural,Richest,32,11.9,865.0,Male,107.0,Mild,Primary,8.0
Sylhet,Rural,Richest,28,11.8,835.0,Male,110.0,Not anemic,Secondary,1.0
Sylhet,Rural,Richest,40,14.9,979.0,Male,102.0,Mild,Secondary,2.0
Sylhet,Rural,Richest,10,9.4,775.0,Male,112.0,Not anemic,Secondary,3.0
Sylhet,Rural,Richest,45,15.9,1044.0,Male,138.0,Not anemic,Higher,1.0
Sylhet,Urban,Richest,47,14.9,1001.0,Male,121.0,Not anemic,Secondary,2.0
Sylhet,Urban,Richest,25,10.4,831.0,Male,119.0,Not anemic,Higher,1.0
Sylhet,Urban,Middle,48,11.9,924.0,Male,115.0,Not anemic,Primary,3.0
Sylhet,Urban,Richest,52,12.5,966.0,Male,89.0,Moderate,Primary,3.0
Sylhet,Urban,Poorest,34,10.6,838.0,Male,119.0,Not anemic,Secondary,1.0
Sylhet,Rural,Poorer,48,12.8,911.0,Male,119.0,Not anemic,No education,1.0
Sylhet,Rural,Poorer,23,9.1,778.0,Male,112.0,Not anemic,No education,2.0
Sylhet,Rural,Middle,57,14.2,1046.0,Male,114.0,Not anemic,Secondary,1.0
Sylhet,Rural,Middle,22,9.7,791.0,Male,116.0,Not anemic,Primary,5.0
Sylhet,Rural,Middle,49,12.0,905.0,Male,97.0,Moderate,No education,3.0
Sylhet,Rural,Middle,13,8.2,768.0,Male,113.0,Not anemic,No education,4.0
Sylhet,Rural,Poorer,36,9.7,832.0,Male,114.0,Not anemic,Primary,3.0
Sylhet,Rural,Poorer,14,9.1,713.0,Male,72.0,Moderate,No education,9.0
Sylhet,Rural,Poorer,46,12.0,933.0,Male,116.0,Not anemic,Primary,3.0
Sylhet,Rural,Poorer,14,8.6,751.0,Male,96.0,Moderate,Primary,4.0
Sylhet,Rural,Poorer,56,13.7,966.0,Male,110.0,Not anemic,No education,5.0
Sylhet,Urban,Richest,26,10.3,837.0,Male,98.0,Moderate,Primary,3.0
Sylhet,Urban,Middle,51,11.7,875.0,Male,100.0,Mild,No education,7.0
Sylhet,Urban,Poorer,34,10.6,857.0,Male,91.0,Moderate,Primary,4.0
Sylhet,Rural,Poorest,41,10.6,840.0,Male,108.0,Mild,No education,7.0
Sylhet,Rural,Poorest,46,9.2,812.0,Male,102.0,Mild,No education,3.0
Sylhet,Urban,Richest,33,11.5,850.0,Male,88.0,Moderate,Primary,2.0
Sylhet,Urban,Richest,55,16.3,1038.0,Male,128.0,Not anemic,Primary,1.0
Sylhet,Urban,Richest,12,10.0,777.0,Male,108.0,Mild,Primary,2.0
Sylhet,Urban,Richest,9,9.5,693.0,Male,104.0,Mild,Primary,2.0
Sylhet,Urban,Richer,8,8.6,667.0,Male,98.0,Moderate,Primary,1.0
Sylhet,Urban,Richest,47,12.6,924.0,Male,97.0,Moderate,Primary,4.0
Sylhet,Urban,Richer,41,13.4,942.0,Male,130.0,Not anemic,Primary,2.0
Sylhet,Urban,Middle,28,11.8,878.0,Male,112.0,Not anemic,Primary,4.0
Sylhet,Urban,Richest,9,7.9,831.0,Male,118.0,Not anemic,Secondary,1.0
Sylhet,Urban,Richest,41,11.5,908.0,Male,111.0,Not anemic,Secondary,2.0
Sylhet,Urban,Richest,7,7.6,684.0,Male,108.0,Mild,Secondary,1.0
Sylhet,Urban,Richest,45,14.0,900.0,Male,124.0,Not anemic,Primary,1.0
Sylhet,Urban,Richest,35,10.7,875.0,Male,112.0,Not anemic,Secondary,4.0
Sylhet,Urban,Richest,10,8.4,788.0,Male,96.0,Moderate,Secondary,1.0
Sylhet,Urban,Richest,52,15.9,1056.0,Male,118.0,Not anemic,Secondary,4.0
Sylhet,Urban,Richest,34,10.2,923.0,Male,112.0,Not anemic,Secondary,2.0
Sylhet,Urban,Richest,49,16.3,1037.0,Male,124.0,Not anemic,Secondary,4.0
Sylhet,Urban,Richest,34,9.8,932.0,Male,85.0,Moderate,Secondary,4.0
Sylhet,Urban,Richest,36,11.4,923.0,Male,119.0,Not anemic,Higher,1.0
Sylhet,Urban,Richest,47,14.6,995.0,Male,82.0,Moderate,Primary,3.0
Sylhet,Urban,Richest,26,10.4,889.0,Male,116.0,Not anemic,Primary,4.0
Sylhet,Urban,Richest,13,9.6,749.0,Male,91.0,Moderate,No education,2.0
Sylhet,Urban,Richest,33,18.1,897.0,Male,126.0,Not anemic,Higher,1.0
Sylhet,Urban,Richest,43,12.9,982.0,Male,122.0,Not anemic,Primary,6.0
Sylhet,Urban,Richest,21,9.3,774.0,Male,121.0,Not anemic,Primary,7.0
Sylhet,Urban,Richest,41,12.1,912.0,Male,115.0,Not anemic,Higher,1.0
Sylhet,Urban,Richest,21,10.6,841.0,Male,119.0,Not anemic,Higher,1.0
Sylhet,Urban,Richer,58,13.8,1037.0,Male,120.0,Not anemic,No education,2.0
Sylhet,Urban,Richer,23,9.8,902.0,Male,106.0,Mild,No education,3.0
Sylhet,Urban,Richest,54,13.9,1002.0,Male,116.0,Not anemic,Secondary,2.0
Sylhet,Rural,Poorest,56,13.1,964.0,Male,112.0,Not anemic,No education,4.0
Sylhet,Rural,Richer,57,17.1,1057.0,Male,112.0,Not anemic,No education,4.0
Sylhet,Rural,Richer,21,9.3,782.0,Male,116.0,Not anemic,No education,5.0
Sylhet,Rural,Richer,51,14.2,1013.0,Male,108.0,Mild,Secondary,2.0
Sylhet,Rural,Richer,11,7.1,698.0,Male,113.0,Not anemic,Secondary,2.0
Sylhet,Rural,Poorest,20,10.5,817.0,Male,96.0,Moderate,Primary,2.0
Sylhet,Rural,Poorest,41,12.7,934.0,Male,111.0,Not anemic,Primary,4.0
Sylhet,Rural,Poorest,43,11.6,904.0,Male,97.0,Moderate,No education,1.0
Sylhet,Rural,Poorest,11,7.7,726.0,Male,89.0,Moderate,No education,2.0
Sylhet,Rural,Richer,15,8.1,732.0,Male,96.0,Moderate,No education,4.0
Sylhet,Rural,Middle,18,9.2,786.0,Male,96.0,Moderate,No education,3.0
Sylhet,Rural,Richer,45,14.8,982.0,Male,93.0,Moderate,Primary,2.0
Sylhet,Rural,Poorest,43,11.1,861.0,Male,123.0,Not anemic,Primary,1.0
Sylhet,Rural,Richer,28,10.9,858.0,Male,110.0,Not anemic,Primary,1.0
